study,year,short_ref,system,marine,taxon,region,extracted_in_detail,quality,contrast_spatial_vs_nonspatial,contrast_algorithm_family,contrasts_crossed,contrast_coverage_or_n,contrast_validation_design,n_min,n_max,n_below_100_reported,metric_family,inference_target_stated,finding_supported,notes,row_status
Becker E.A. et al.,2020,Becker 2020,marine,yes,cetaceans,California Current,yes,High,no,yes,no,no,yes,4713,4713,no,discrimination; rank correlation,partial,algorithm contrast; validation optimism,"BRT vs GAM; k fold vs leave one year out; AUC 0.85 vs 0.83; optimism 0.11; density GAM better on rank correlation",prefilled from manuscript
Luan J. et al.,2020,Luan 2020,marine,yes,demersal fish,China seas,yes,High,no,no,no,yes,no,40,120,yes,performance stability,to code,coverage vs count; minimum n,"Random Forest across n = 40 to 120 and sampling designs; distributed beats clustered",prefilled from manuscript
Mi C. et al.,2017,Mi 2017,wetland,no,cranes,Asia,yes,High,no,yes,no,yes,no,33,75,yes,discrimination,to code,minimum n; algorithm contrast,"RF vs MaxEnt vs BRT; AUC 0.82 to 0.89; non marine retained under exception",prefilled from manuscript
Thorson J.T. et al.,2015,Thorson 2015,marine,yes,groundfish (28 species),US West Coast,yes,Very high,yes,no,no,no,no,NA,NA,no,index precision,to code,geostatistical vs design based precision,"About 20% reduction in index standard errors; full survey series",prefilled from manuscript
Thorson J.T.,2019,Thorson 2019a,marine,yes,groundfish,Eastern Bering Sea,yes,High,no,no,no,no,yes,300,300,no,correlation,yes,forecast skill by horizon,"Retrospective forecast experiment; r 0.6 to 0.7 at one year; 0.3 to 0.4 at five years; about 300 per year",prefilled from manuscript
Thorson J.T.,2019,Thorson 2019b,marine,yes,multiple,multiple,no,NA,no,no,no,structural guidance,no,NA,NA,no,methods guidance,NA,minimum structural requirement for VAST,"30 stations across at least 3 years; 100 to 500 mesh nodes; guidance paper not experiment",prefilled from manuscript
Hengl T. et al.,2018,Hengl 2018,terrestrial,no,soil and benchmarks,multiple,yes,High,yes,yes,yes,no,no,NA,NA,no,R2,to code,spatial structure vs algorithm (crossed),"Spatial RF vs kriging on Meuse; R2 about 0.41 vs 0.60; non marine retained under exception",prefilled from manuscript
Talebi H. et al.,2022,Talebi 2022,geoscience,no,geoscience variables,multiple,no,NA,yes,yes,yes,no,no,NA,NA,no,error,to code,spatial structure vs algorithm (crossed),"Error metrics; narrative set; non marine retained under exception",prefilled from manuscript
Mushagalusa C.A. et al.,2024,Mushagalusa 2024,simulated,no,simulated abundance,none,yes,High,yes,yes,yes,no,yes,NA,NA,no,error,yes,spatial structure vs algorithm (crossed); validation optimism,"Gaussian process simulation; random vs spatial partitioning; retained under exception",prefilled from manuscript
Ploton P. et al.,2020,Ploton 2020,terrestrial,no,forest biomass,tropics,yes,Very high,no,no,no,no,yes,11800000,11800000,no,conceptual and empirical,yes,validation optimism,"Reference demonstration of random partitioning optimism; non marine retained under exception",prefilled from manuscript
Gruss A. et al.,2021,Gruss 2021,marine,yes,walleye pollock,Eastern Bering Sea,yes,High,yes,no,no,no,no,300,300,no,variance explained; correlation,to code,spatial structure within family; environmental forcing,"Cold pool about 40% of variability; cross validation r 0.72; about 300 per year over 38 years",prefilled from manuscript
Gruss A. and Thorson J.T.,2019,Gruss and Thorson 2019,marine,yes,multiple,multiple,no,NA,yes,no,no,no,no,NA,NA,no,mixed,to code,spatial structure within family; data fusion,"Spatio temporal models with multiple data types",prefilled from manuscript
Brodie S.J. et al.,2020,Brodie 2020,marine,yes,multiple,California Current,no,NA,yes,no,no,no,no,NA,NA,no,mixed,to code,spatial structure within family (covariate representation),"Covariate selection trade offs; representation of spatial and dynamic habitat structure",prefilled from manuscript
Zelli E. et al.,2025,Zelli 2025,marine,yes,cold water corals and sponges,New Zealand EEZ,yes,High,no,no,no,no,no,1247,1247,no,projection outcome,to code,climate projection application,"BRT with climate projection; about 23% habitat retained under high emissions",prefilled from manuscript
Mestre-Tomas J. et al.,2025,Mestre-Tomas 2025,marine,yes,yellowfin tuna,global,no,NA,no,no,no,no,no,NA,NA,no,projection outcome,to code,climate projection application; software,"GLOSSA; 7.9% to 37.4% habitat loss by 2100",prefilled from manuscript
Roberts D.R. et al.,2017,Roberts 2017,multiple,partial,multiple,multiple,yes,Very high,no,no,no,no,yes,NA,NA,no,methodological,yes,validation matched to target (framework),"Cross validation framework review; not an experiment",prefilled from manuscript
Flynn A.J. and Marshall N.J.,2013,Flynn and Marshall 2013,marine,yes,lanternfish,eastern Australia,yes,Moderate,no,yes,no,no,no,NA,NA,no,application,to code,deep pelagic application under sparse sampling,"GAM with MaxEnt",prefilled from manuscript
Rooper C.N. et al.,2016,Rooper 2016,marine,yes,corals and sponges,eastern Bering Sea,no,NA,no,no,no,no,no,250,250,no,application,to code,adaptive monitoring; independent validation,"Camera survey validation of trawl based models; 250 transects",prefilled from manuscript
Rooper C.N. et al.,2018,Rooper 2018,marine,yes,corals and sponges,Aleutian Islands,no,NA,no,no,no,no,no,NA,NA,no,application,to code,adaptive monitoring; independent validation,"Camera survey validation",prefilled from manuscript
Rooper C.N. et al.,2025,Rooper 2025,marine,yes,corals and sponges,Gulf of Alaska,no,NA,no,no,no,no,no,NA,NA,no,application,to code,adaptive monitoring; cross ecosystem comparison,"Lessons learned across Alaska ecosystems",prefilled from manuscript
Becker E.A. et al.,2010,Becker 2010,marine,yes,cetaceans,California Current,no,NA,no,no,no,no,no,NA,NA,no,application,to code,dynamic management,"In situ vs remotely sensed SST",prefilled from manuscript
Bell R.J. et al.,2014,Bell 2014,marine,yes,four fish stocks,Northeast US shelf,no,NA,no,no,no,no,no,NA,NA,no,application,to code,environment scaling (pelagic variability),"Climate abundance and size effects on distribution",prefilled from manuscript
Robinson L.M. et al.,2011,Robinson 2011,marine,yes,multiple,multiple,no,NA,no,no,no,no,no,NA,NA,no,review,NA,survey design context; coverage,"Review; marine SDM challenges",prefilled from manuscript
Canonico G. et al.,2019,Canonico 2019,marine,yes,multiple,global,no,NA,no,no,no,no,no,NA,NA,no,review,NA,survey design; coverage over intensity,"Observational needs review",prefilled from manuscript
Norberg A. et al.,2019,Norberg 2019,multiple,partial,multiple,multiple,no,NA,no,yes,no,no,no,NA,NA,no,discrimination and others,to code,joint model requirements; spatial shrinkage,"33 SDM methods; primarily non marine datasets; cited for JSDM finding",prefilled from manuscript
