"model","n","coverage","target","reps","auc","auc_sd","brier","cal","opt_r","opt_r_sd","opt_s","opt_s_sd"
"rf",30,"dispersed","conditional",29,0.807311065184704,0.0553905095157762,0.119809528286716,1.01685374896563,-0.103769737003196,0.16391570568058,-0.0755989245017986,0.108567816996729
"rf",30,"dispersed","marginal",24,0.793484438564385,0.0629435046865656,0.137511570154652,0.810047776480175,-0.0264266512386012,0.14699796636587,-0.0127365132687864,0.118753105329063
"rf",30,"clustered","conditional",30,0.762201615700722,0.0777552579173594,0.130628897737671,0.745560865008571,0.0172135168741364,0.172413037792855,0.0178755255998033,0.165290142025384
"rf",30,"clustered","marginal",30,0.720698810467892,0.144453960513761,0.140952848346241,0.722117010417261,0.0562056420335856,0.199245231661962,0.0612121502342586,0.204486907508682
"rf",50,"dispersed","conditional",30,0.809070656484027,0.0466992117225395,0.114940582811036,0.756199201020314,-0.0154219202923179,0.100458150205948,-0.0180550085211013,0.1117080271523
"rf",50,"dispersed","marginal",30,0.77652810721505,0.080095752161862,0.128506723070245,0.655920048273223,0.0116107530339067,0.106669507980216,0.0152867032343412,0.105307348578931
"rf",50,"clustered","conditional",30,0.769809945835367,0.073637474260578,0.124064904436395,0.697316472045028,-0.00632339122066347,0.157595141705286,-0.00812071851391707,0.154943075587841
"rf",50,"clustered","marginal",30,0.731641367866864,0.137198467371787,0.130883606794709,0.587988689068047,0.0786769741350191,0.157292964435843,0.0756783749340271,0.148474693964736
"rf",100,"dispersed","conditional",30,0.817808965875242,0.0381716530322851,0.106160324342805,0.729901870627111,-0.00584048763424558,0.0712254088956553,-0.0247651090144391,0.0934584778285511
"rf",100,"dispersed","marginal",30,0.790962233499982,0.039943112187229,0.123780531429238,0.706649294213883,0.00912602117581055,0.103400181390569,0.000399739578596438,0.101465089068715
"rf",100,"clustered","conditional",30,0.787891247859476,0.0628047096204405,0.118097857767038,0.583337676316087,0.0335498526446532,0.0965488346018995,0.0382716105258518,0.0885643418574618
"rf",100,"clustered","marginal",30,0.738958657369689,0.138920791349561,0.140905182600182,0.681598404510985,0.0708459822474219,0.156988193193946,0.0584529688588565,0.169915068689203
"rf",200,"dispersed","conditional",30,0.828684656454816,0.0399293455634444,0.102117310238721,0.737071076465153,0.00763236377353335,0.0528131330776932,0.00410544467466189,0.0655085688451077
"rf",200,"dispersed","marginal",30,0.791805009386352,0.0570295810564738,0.123362891465408,0.750760717473245,0.0220871306369193,0.0896666377358626,0.0162439409852149,0.0661682273204319
"rf",200,"clustered","conditional",30,0.796773699223674,0.0603130071927373,0.115570463440186,0.524572692837223,0.0139576565239155,0.0917242538688157,0.0181226537603454,0.0877901775422228
"rf",200,"clustered","marginal",30,0.766773362255174,0.108894592529054,0.133993332657481,0.597056778942781,0.0665962452431573,0.15148129006077,0.0711356256411413,0.140278955076906
"rf",500,"dispersed","conditional",30,0.85457590423198,0.0177969835858747,0.0978921602180121,0.773183619385819,0.00295931542016074,0.0254531971825555,-0.00711213947965339,0.0245460414796224
"rf",500,"dispersed","marginal",30,0.807166500460771,0.0214544986296152,0.116849974924597,0.663669803119125,0.0391331591672913,0.0509078467623577,0.0431229694439963,0.041155230162401
"rf",500,"clustered","conditional",30,0.792374259498099,0.0700073689221402,0.117551281448119,0.64776307549012,0.0436230253159232,0.11044451672811,0.0468274671179371,0.0932930038308927
"rf",500,"clustered","marginal",30,0.752639636389627,0.0721444162891564,0.131471024780057,0.54315913293263,0.108367621203684,0.0969441475507305,0.108237804426849,0.0958578959476364
"rf_spatial",30,"dispersed","conditional",29,0.824290307343183,0.0475122194683265,0.118655882610477,1.06066843241119,-0.106716087598799,0.184924004272815,-0.0902240744062608,0.140747990736496
"rf_spatial",30,"dispersed","marginal",24,0.816104039143604,0.0687983575600381,0.14035742930568,1.33369619429796,-0.0162385278732972,0.145933670556742,-0.0263189427793223,0.151655789223425
"rf_spatial",30,"clustered","conditional",30,0.722116490852569,0.112735728951436,0.142918715554203,0.919024596125004,0.0217558765085944,0.173442338212802,0.015743469554735,0.159167279486586
"rf_spatial",30,"clustered","marginal",30,0.720978273656348,0.157849650790437,0.141973758541194,1.16672764449604,0.0705444257506383,0.176639211375131,0.0494071768312384,0.228744179178075
"rf_spatial",50,"dispersed","conditional",30,0.830634914396164,0.0395514429157471,0.110256564620261,0.917438956643955,-0.0411679287732428,0.132581532532179,-0.0230513696810628,0.123491850925257
"rf_spatial",50,"dispersed","marginal",30,0.780135336692213,0.0942605323830085,0.138113043631499,1.12592385903955,0.00797523755418815,0.150416776629819,0.0144783105656626,0.143823966689602
"rf_spatial",50,"clustered","conditional",30,0.749826831832518,0.105647157044795,0.135174681273611,0.894968498816233,0.0121174339426557,0.173349332096904,0.0122498745320611,0.163070559035642
"rf_spatial",50,"clustered","marginal",30,0.736530779922809,0.154038038189377,0.147683529004217,0.932823278726575,0.0655831527504142,0.175978698144444,0.0669942647979635,0.172142255591849
"rf_spatial",100,"dispersed","conditional",30,0.849252136397963,0.0339059465818945,0.0984439961771492,0.889623357914849,-0.0041245668930005,0.0669549164988207,-0.0309338325353324,0.0881285753048088
"rf_spatial",100,"dispersed","marginal",30,0.807777279867043,0.0534714782810996,0.129882243678671,1.30939760103,0.0329125878468373,0.102983391870349,0.0193021256734306,0.101856380300978
"rf_spatial",100,"clustered","conditional",30,0.761724324449825,0.122018877851811,0.123232738381022,0.997264897549187,0.0609441862551157,0.0987047465476317,0.0729293293273956,0.10080565584575
"rf_spatial",100,"clustered","marginal",30,0.743457736626553,0.142687956009014,0.147900679306222,1.21618259940845,0.0819636016074285,0.167925338033297,0.0684927495882502,0.15701747331787
"rf_spatial",200,"dispersed","conditional",30,0.857033078293919,0.0407450473708504,0.0956183326520269,0.825289590550419,-0.00591887354829469,0.0566158532181435,-0.0040113729897744,0.0514402129018418
"rf_spatial",200,"dispersed","marginal",30,0.804738366130213,0.07934865385988,0.122751633340226,1.23465245653272,0.041541096208658,0.0989264082414324,0.0436103903913586,0.0831994815365763
"rf_spatial",200,"clustered","conditional",30,0.777896663179569,0.076243759710153,0.128125444131022,1.06493138890204,0.0464954874009483,0.084402209238247,0.0477779796724144,0.0840191143034102
"rf_spatial",200,"clustered","marginal",30,0.757496235763225,0.143087029441367,0.136596392795381,1.15585374648215,0.0938662089856344,0.171938230668308,0.0897060148837124,0.157684268270371
"rf_spatial",500,"dispersed","conditional",30,0.885539130299091,0.0133310144994662,0.0901222912288857,0.860810736385982,0.00158822351297122,0.024997437361862,-0.00730336063800682,0.0260267876402223
"rf_spatial",500,"dispersed","marginal",30,0.818899184200708,0.0392824577074005,0.121784565829385,1.1448933481703,0.0605370378137081,0.056426065650684,0.0536993462793981,0.0566791601036485
"rf_spatial",500,"clustered","conditional",30,0.79339833812288,0.0685059173594665,0.120619732878635,1.06926774116779,0.0752462569823619,0.122924178895703,0.0707289705197568,0.096618714548827
"rf_spatial",500,"clustered","marginal",30,0.753497013782299,0.0702841899834221,0.137412123886462,1.03131818864615,0.11732301794952,0.0938099239434189,0.109127022552042,0.0950704898044758
"gam",30,"dispersed","conditional",29,0.77021165933112,0.0941709339889308,0.156993067809445,0.288451277369217,-0.137102046208388,0.225430576070562,-0.104417408008008,0.176338717424107
"gam",30,"dispersed","marginal",24,0.748166695898904,0.102764116635327,0.181099691363009,0.236089137524349,-0.0684384600011888,0.19096512688626,-0.0894134544885784,0.174008924843535
"gam",30,"clustered","conditional",30,0.729995141968011,0.106295704379934,0.191230969272765,0.159878677140672,-0.0544320407209167,0.213662840700593,-0.0585898671899346,0.195018841427232
"gam",30,"clustered","marginal",30,0.672284305943282,0.175614949479258,0.20654643174209,0.124975662906764,-0.0185893801406327,0.262193194593921,-0.0158412629309785,0.275409013419073
"gam",50,"dispersed","conditional",30,0.796853617836687,0.0709471219718777,0.137825249885613,0.435564963333666,-0.0672495786764609,0.10728269341587,-0.0511931622391461,0.154754403329031
"gam",50,"dispersed","marginal",30,0.745620170349854,0.122389725627604,0.177712854277416,0.289347335533284,-0.0229683179233287,0.140283595727451,-0.00988599287065167,0.127406325783635
"gam",50,"clustered","conditional",30,0.752290279451008,0.0948386892652438,0.162049649876733,0.252304909877371,-0.04751507613212,0.166548601607789,-0.0198290108530508,0.145493254690532
"gam",50,"clustered","marginal",30,0.682060013136071,0.208915392034769,0.184406551820638,0.168257813209574,0.0528794851646851,0.264288893792962,0.0717726390930406,0.234277875293437
"gam",100,"dispersed","conditional",30,0.830205584169279,0.0503555172712222,0.10865065423702,0.639170057658731,-0.0461640604601889,0.132810296814508,-0.0512701349859593,0.142164927771149
"gam",100,"dispersed","marginal",30,0.801548892216715,0.0458763909220039,0.135332927813265,0.594356935261863,-0.00430761370550511,0.124554372685863,-0.0274887225824025,0.136403803410364
"gam",100,"clustered","conditional",30,0.784161971178833,0.09432263387292,0.135058476554299,0.266691531305129,0.00336599507650197,0.139412715845403,0.0157304455606052,0.109589712394082
"gam",100,"clustered","marginal",30,0.715192028434896,0.203680631670706,0.169127604233491,0.369187639974179,0.0925469973142541,0.218440885673125,0.0670233155984096,0.223327006900413
"gam",200,"dispersed","conditional",30,0.850712021664436,0.0284208638486194,0.098719863170027,0.866864859217085,-0.00973368235226193,0.0574968780703073,-0.0163247466903793,0.0685164747871619
"gam",200,"dispersed","marginal",30,0.803432458307944,0.050265448323031,0.122393542562773,0.862335776844549,0.015329900824304,0.112710005113619,0.0271658533475109,0.0749446040503328
"gam",200,"clustered","conditional",30,0.817482901005481,0.0773074901954356,0.11367808534057,0.584303456101542,0.00571174729906163,0.122446939785037,-0.000378026458509243,0.110384629124968
"gam",200,"clustered","marginal",30,0.746781693288267,0.16505363842726,0.130680825123261,0.501669447459824,0.0820508441179834,0.185772813326903,0.0774568366876096,0.174027985123893
"gam",500,"dispersed","conditional",30,0.871148991095195,0.0115506670915982,0.0939971034937597,0.97226404036898,-0.00495911486501256,0.0196604506232972,-0.0133096385825248,0.0243600521900995
"gam",500,"dispersed","marginal",30,0.814257293141066,0.029465593016087,0.115771531811488,0.779377171753271,0.0584062287053539,0.0420497769735757,0.0547952458957954,0.041085989633952
"gam",500,"clustered","conditional",30,0.823383234932995,0.0702269539648412,0.11522050673509,0.61274592445967,0.022448593878609,0.133909919846302,0.0260965596890926,0.107210452282378
"gam",500,"clustered","marginal",30,0.733856103501024,0.140893285971203,0.140680455279153,0.644024933343368,0.133252901875068,0.155376256923586,0.13148551432442,0.152988431255337
"gam_spatial",30,"dispersed","conditional",29,0.683363854054557,0.0781066069093083,0.227531394026289,0.0619431145908599,-0.0633156833347226,0.190681296584188,-0.0579664411087937,0.193304018762913
"gam_spatial",30,"dispersed","marginal",22,0.660760995903564,0.117517841605239,0.286647945823514,0.0820524302457006,0.0381133610071986,0.179563229745564,-0.00179171161666949,0.186655358871099
"gam_spatial",30,"clustered","conditional",30,0.594904432131193,0.107120580502568,0.323551179996453,0.0496685132487164,0.0454905113715251,0.163632942384634,0.0543152160451304,0.195327139303139
"gam_spatial",30,"clustered","marginal",12,0.616674184094775,0.108492052149879,0.331911133051801,0.0858675687068713,0.0178273158672511,0.217879419830193,0.0334399387039872,0.213364348325759
"gam_spatial",50,"dispersed","conditional",30,0.702911178591805,0.0933322224058362,0.195872690455502,0.0747932412099695,-0.0121686180387977,0.18295620674277,-0.0267894526312159,0.156322368624778
"gam_spatial",50,"dispersed","marginal",27,0.677289433666209,0.128366875668415,0.259862349599693,0.121905335626456,0.0139344779034478,0.17712110301018,-0.022556233469207,0.187292905552588
"gam_spatial",50,"clustered","conditional",30,0.601325554342364,0.124560047608439,0.285629610299136,0.0463846923078863,0.0805368064291972,0.200472425850273,0.0978050897432165,0.192783467068675
"gam_spatial",50,"clustered","marginal",12,0.566442197651809,0.186137708205864,0.572056686239777,0.188466985161541,0.167730875561958,0.252488359620558,0.134499433122204,0.251458202351628
"gam_spatial",100,"dispersed","conditional",30,0.770030159076698,0.104694948756931,0.142671957846225,0.336326469776758,-0.0410689117037423,0.0977032088671585,-0.049338068131147,0.107485557649102
"gam_spatial",100,"dispersed","marginal",29,0.69615297476755,0.115795948719308,0.191655814924196,0.316830022209389,0.0449214043209724,0.138608806326355,0.0243189592682034,0.127119401375964
"gam_spatial",100,"clustered","conditional",30,0.646330917941251,0.115338859543949,0.308047357847972,0.0543402651299491,0.0914027632263823,0.133796556877256,0.0854334315572768,0.128097343675515
"gam_spatial",100,"clustered","marginal",20,0.682559663824092,0.167952883663554,0.369337336593155,0.309533731511194,0.0369167065336687,0.209387948715495,0.00652548368228456,0.188546643700475
"gam_spatial",200,"dispersed","conditional",30,0.854388267561552,0.0547610001082342,0.100294777258685,0.686795086223563,-0.0358562834319649,0.0812824518698898,-0.0315997855593171,0.0833494892929963
"gam_spatial",200,"dispersed","marginal",29,0.761479725176703,0.0919367345565855,0.141501788689377,0.680339380523505,0.0435131961636103,0.141051525324991,0.0618168960548385,0.0950011105980376
"gam_spatial",200,"clustered","conditional",30,0.71554577361643,0.146056455980773,0.234064789447995,0.158143458484854,0.0910188526153052,0.165216648927335,0.0849919371186858,0.142784002401543
"gam_spatial",200,"clustered","marginal",20,0.699874972602994,0.212195353165573,0.304435997468384,0.319123627475706,0.105099945625801,0.207737799398068,0.117620467675416,0.233481048643555
"gam_spatial",500,"dispersed","conditional",30,0.884818322434905,0.0118536818974927,0.0901591332986845,0.893693074871546,0.000340045274912711,0.0213557745511657,-0.00574339477323548,0.0240158163974971
"gam_spatial",500,"dispersed","marginal",30,0.801171795018261,0.0500805816640018,0.125091156423679,0.782753888844533,0.0861101983000171,0.0437789813270483,0.0817809205938951,0.0469191756171342
"gam_spatial",500,"clustered","conditional",30,0.722702299496423,0.16179891294132,0.18664337613411,0.183733959122404,0.118409269242446,0.200239247700114,0.129071573808913,0.183353522900824
"gam_spatial",500,"clustered","marginal",18,0.727384214106273,0.135840233964346,0.415398882497268,0.387098482328346,0.157928680280436,0.14126363684266,0.148865132417513,0.135583498762675
"gmrf",30,"dispersed","conditional",19,0.786560978305559,0.0639221032371443,0.149116800451057,0.432240308419304,-0.151519809051094,0.22844174029857,-0.0987528607741697,0.195616694608227
"gmrf",30,"dispersed","marginal",18,0.766057679011484,0.0836701010954317,0.160420968696739,0.543432678574581,-0.0518952226709228,0.183697518719148,-0.0498131437784219,0.176930666499611
"gmrf",30,"clustered","conditional",29,0.739920301276611,0.102834537367674,0.161885774413019,0.293321290195221,-0.0531752672177606,0.240679560070726,-0.0623159111852713,0.219922886332142
"gmrf",30,"clustered","marginal",24,0.69412698266711,0.167159498597081,0.188954484309797,0.339050220253534,-0.0143291297490045,0.255293784010445,0.000205135002631899,0.251809541782928
"gmrf",50,"dispersed","conditional",13,0.835106812876173,0.0457186736872884,0.13510601139211,0.72699549909268,-0.0435449033767779,0.181533058320782,-0.0159332092247274,0.100514476430638
"gmrf",50,"dispersed","marginal",22,0.755431284724219,0.0993829675565383,0.170587236736905,0.472352399917623,0.00697501905073453,0.210061237302267,0.0197281008016113,0.163492702176513
"gmrf",50,"clustered","conditional",30,0.73974249700566,0.0988342344865198,0.155551953259077,0.358787627592529,0.00512753041434073,0.177470675407989,0.021894935746573,0.133203356428361
"gmrf",50,"clustered","marginal",27,0.67874781449495,0.218093082692637,0.153040900343439,0.505269701331748,0.062356762097667,0.255195391628656,0.0867156604472238,0.247864329409203
"gmrf",100,"dispersed","conditional",23,0.835904494381274,0.0339997266477837,0.110528135886289,0.732070076426759,-0.0196695633184733,0.087089840308695,-0.000956491200658413,0.0984974575530888
"gmrf",100,"dispersed","marginal",21,0.774671091114153,0.0643353524936633,0.128525668616808,0.730183743784199,0.0498784486938778,0.117529874385514,0.052254036629949,0.106563803110194
"gmrf",100,"clustered","conditional",26,0.764564543121253,0.0905367668144935,0.137839826991528,0.452476287889521,0.0104504502222491,0.128670259356886,0.0202717007673269,0.100611938036658
"gmrf",100,"clustered","marginal",30,0.670835539448315,0.189709033469229,0.157552221456412,0.54300132616826,0.125356579594702,0.217389293423095,0.114617158765702,0.230003686491962
"gmrf",200,"dispersed","conditional",25,0.847894093385529,0.0282964672986566,0.100548377407477,0.933634707800638,-0.0115682100040483,0.0683542738023928,-0.0225704511960671,0.0807482871961006
"gmrf",200,"dispersed","marginal",27,0.768273447114484,0.0634123272128403,0.131286124004987,0.801709814021238,0.0820914600544115,0.0695902777920363,0.079754326414918,0.0766541251356926
"gmrf",200,"clustered","conditional",30,0.811834586861447,0.0666008148560474,0.113088241870273,0.642301708654971,0.00547338875154515,0.119644724693028,0.00356127123931365,0.110391885763542
"gmrf",200,"clustered","marginal",29,0.757008160913519,0.130517110882339,0.13698526684407,0.708010761188606,0.0608219278346665,0.161430149229769,0.0510788565549943,0.154604850530683
"gmrf",500,"dispersed","conditional",30,0.875322921423789,0.0136359788273587,0.0916939523029864,0.983194414073436,-0.00409992238831606,0.0183878218691317,-0.0117562005581127,0.0228912740396612
"gmrf",500,"dispersed","marginal",29,0.77957476195377,0.0611881292366884,0.126030004566851,0.738513189022562,0.100143300357907,0.0627011428269872,0.0966651629508242,0.061142201381405
"gmrf",500,"clustered","conditional",30,0.820688762490109,0.0717247957978417,0.114611706249549,0.662373093253534,0.0238392535138404,0.154861329840879,0.0401731471969534,0.10738447273477
"gmrf",500,"clustered","marginal",30,0.735400431478181,0.135765682889266,0.123730271752515,0.696021921297262,0.122085558613556,0.148038231650876,0.128320407201547,0.145696913652488
