"n","target","model","contrast","reps","mean","se","lo","hi","sign_pos"
30,"conditional","rf","dispersed - clustered",29,0.0449197645606982,0.0163835811229662,0.0113595199802324,0.078480009141164,0.758620689655172
30,"conditional","rf_spatial","dispersed - clustered",29,0.0959541427291809,0.0210183755266354,0.0528999521914865,0.139008333266875,0.827586206896552
30,"conditional","gam","dispersed - clustered",29,0.0414511791690633,0.0217530832594681,-0.00310799193569783,0.0860103502738244,0.655172413793103
30,"conditional","gam_spatial","dispersed - clustered",29,0.08208035558066,0.0192194701722326,0.042711055618338,0.121449655542982,0.793103448275862
30,"conditional","gmrf","dispersed - clustered",18,0.044103094841881,0.0225290801319488,-0.00342910937475964,0.0916352990585217,0.666666666666667
30,"marginal","rf","dispersed - clustered",24,0.0748516662749581,0.0395810052264726,-0.00702788141482046,0.156731213964737,0.541666666666667
30,"marginal","rf_spatial","dispersed - clustered",24,0.0871210591573447,0.040786504584886,0.00274774604542893,0.171494372269261,0.541666666666667
30,"marginal","gam","dispersed - clustered",24,0.090050712815273,0.0404313846757713,0.00641202120595853,0.173689404424587,0.583333333333333
30,"marginal","gam_spatial","dispersed - clustered",9,-0.0245930732302604,0.0386553716836458,-0.113732520180602,0.0645463737200807,0.333333333333333
30,"marginal","gmrf","dispersed - clustered",16,0.0925721276040279,0.0589011109459049,-0.0329726185545871,0.218116873762643,0.5625
50,"conditional","rf","dispersed - clustered",30,0.0392607106486595,0.0113328053182901,0.0160825212831734,0.0624389000141457,0.733333333333333
50,"conditional","rf_spatial","dispersed - clustered",30,0.0808080825636451,0.0187359425223743,0.0424887775435906,0.1191273875837,0.766666666666667
50,"conditional","gam","dispersed - clustered",30,0.0445633383856786,0.0197229218777423,0.00422543393185251,0.0849012428395047,0.566666666666667
50,"conditional","gam_spatial","dispersed - clustered",30,0.101585624249441,0.026997684517374,0.0463691596055606,0.156802088893321,0.766666666666667
50,"conditional","gmrf","dispersed - clustered",13,0.0811423514027101,0.0269182036221514,0.0224926239991718,0.139792078806248,0.846153846153846
50,"marginal","rf","dispersed - clustered",30,0.0448867393481854,0.0284743111842356,-0.013349765925124,0.103123244621495,0.5
50,"marginal","rf_spatial","dispersed - clustered",30,0.0436045567694043,0.0301675993245585,-0.0180951116011651,0.105304225139974,0.433333333333333
50,"marginal","gam","dispersed - clustered",30,0.0635601572137838,0.0414512068448449,-0.021217079727467,0.148337394155035,0.633333333333333
50,"marginal","gam_spatial","dispersed - clustered",11,0.130036357670432,0.0594345325424015,-0.0023920334369357,0.262464748777799,0.818181818181818
50,"marginal","gmrf","dispersed - clustered",21,0.0661878670861367,0.0431503125196394,-0.0238221075679297,0.156197841740203,0.523809523809524
100,"conditional","rf","dispersed - clustered",30,0.0299177180157666,0.0097682646663955,0.00993937356785695,0.0498960624636762,0.733333333333333
100,"conditional","rf_spatial","dispersed - clustered",30,0.0875278119481373,0.0211009331003833,0.0443715580945742,0.1306840658017,0.966666666666667
100,"conditional","gam","dispersed - clustered",30,0.0460436129904453,0.0188478170699149,0.00749549882956058,0.0845917271513301,0.633333333333333
100,"conditional","gam_spatial","dispersed - clustered",30,0.123699241135446,0.0259424306422363,0.0706410129969729,0.17675746927392,0.833333333333333
100,"conditional","gmrf","dispersed - clustered",22,0.0745253385500891,0.0190083611566633,0.0349952875231081,0.11405538957707,0.863636363636364
100,"marginal","rf","dispersed - clustered",30,0.052003576130293,0.0269887777687618,-0.00319467216731083,0.107201824427897,0.566666666666667
100,"marginal","rf_spatial","dispersed - clustered",30,0.0643195432404898,0.029609936547195,0.0037604233124981,0.124878663168481,0.566666666666667
100,"marginal","gam","dispersed - clustered",30,0.086356863781819,0.0404365746875187,0.00365478260459283,0.169058944959045,0.666666666666667
100,"marginal","gam_spatial","dispersed - clustered",20,-0.00124091422271388,0.0504471906732619,-0.106828097779174,0.104346269333746,0.55
100,"marginal","gmrf","dispersed - clustered",21,0.0990755324776833,0.0461732761537011,0.00275976618055011,0.195391298774816,0.666666666666667
200,"conditional","rf","dispersed - clustered",30,0.0319109572311417,0.00948210682100284,0.012517871290958,0.0513040431713254,0.866666666666667
200,"conditional","rf_spatial","dispersed - clustered",30,0.07913641511435,0.0124075227373289,0.0537601818265295,0.10451264840217,1
200,"conditional","gam","dispersed - clustered",30,0.033229120658955,0.0125683410454276,0.00752397700041345,0.0589342643174966,0.766666666666667
200,"conditional","gam_spatial","dispersed - clustered",30,0.138842493945122,0.0270993311728776,0.0834181385483821,0.194266849341862,0.966666666666667
200,"conditional","gmrf","dispersed - clustered",25,0.0393903769651258,0.0125030628194837,0.0135853235960485,0.0651954303342031,0.84
200,"marginal","rf","dispersed - clustered",30,0.0250316471311776,0.0245875386571411,-0.0252555157574911,0.0753188100198464,0.366666666666667
200,"marginal","rf_spatial","dispersed - clustered",30,0.0472421303669881,0.0303896352357031,-0.0149116524306723,0.109395913164649,0.633333333333333
200,"marginal","gam","dispersed - clustered",30,0.0566507650196767,0.0323241805146291,-0.00945960712649117,0.122761137165844,0.5
200,"marginal","gam_spatial","dispersed - clustered",19,0.068942325742081,0.0506710838179817,-0.0375136710540178,0.17539832253818,0.578947368421053
200,"marginal","gmrf","dispersed - clustered",26,-0.0139595031377319,0.00870275442505822,-0.0318831613912837,0.00396415511581983,0.384615384615385
500,"conditional","rf","dispersed - clustered",30,0.0622016447338809,0.011581932854218,0.0385139323472435,0.0858893571205182,1
500,"conditional","rf_spatial","dispersed - clustered",30,0.0921407921762114,0.012274638670687,0.0670363373204541,0.117245247031969,1
500,"conditional","gam","dispersed - clustered",30,0.0477657561621996,0.012002046840891,0.0232188141969441,0.072312698127455,0.933333333333333
500,"conditional","gam_spatial","dispersed - clustered",30,0.162116022938482,0.0286545469764715,0.103510894080319,0.220721151796646,1
500,"conditional","gmrf","dispersed - clustered",30,0.0546341589336798,0.0123341345642317,0.0294080213128595,0.0798602965545,0.9
500,"marginal","rf","dispersed - clustered",30,0.0545268640711442,0.0134096071428044,0.0271011380533263,0.0819525900889622,0.866666666666667
500,"marginal","rf_spatial","dispersed - clustered",30,0.0654021704184095,0.0124403499504494,0.0399587979412463,0.0908455428955728,0.9
500,"marginal","gam","dispersed - clustered",30,0.0804011896400415,0.02387813247134,0.0315649253108856,0.129237453969197,0.666666666666667
500,"marginal","gam_spatial","dispersed - clustered",18,0.0584890754719719,0.0248960177170094,0.00596306946661127,0.111015081477333,0.777777777777778
500,"marginal","gmrf","dispersed - clustered",29,0.0439086330733983,0.0266972463720045,-0.010778197061283,0.0985954632080795,0.517241379310345
