"model","n","coverage","runs","error_rate","nonconv_rate","degenerate_rate","unusable_rate"
"rf",30,"dispersed",53,0,0,0,0
"rf",30,"clustered",60,0,0,0,0
"rf",50,"dispersed",60,0,0,0,0
"rf",50,"clustered",60,0,0,0,0
"rf",100,"dispersed",60,0,0,0,0
"rf",100,"clustered",60,0,0,0,0
"rf",200,"dispersed",60,0,0,0,0
"rf",200,"clustered",60,0,0,0,0
"rf",500,"dispersed",60,0,0,0,0
"rf",500,"clustered",60,0,0,0,0
"rf_spatial",30,"dispersed",53,0,0,0,0
"rf_spatial",30,"clustered",60,0,0,0,0
"rf_spatial",50,"dispersed",60,0,0,0,0
"rf_spatial",50,"clustered",60,0,0,0,0
"rf_spatial",100,"dispersed",60,0,0,0,0
"rf_spatial",100,"clustered",60,0,0,0,0
"rf_spatial",200,"dispersed",60,0,0,0,0
"rf_spatial",200,"clustered",60,0,0,0,0
"rf_spatial",500,"dispersed",60,0,0,0,0
"rf_spatial",500,"clustered",60,0,0,0,0
"gam",30,"dispersed",53,0,0,0,0
"gam",30,"clustered",60,0,0,0,0
"gam",50,"dispersed",60,0,0,0,0
"gam",50,"clustered",60,0,0,0,0
"gam",100,"dispersed",60,0,0,0,0
"gam",100,"clustered",60,0,0,0,0
"gam",200,"dispersed",60,0,0,0,0
"gam",200,"clustered",60,0,0,0,0
"gam",500,"dispersed",60,0,0,0,0
"gam",500,"clustered",60,0,0,0,0
"gam_spatial",30,"dispersed",53,0,0,0.0377358490566038,0.0377358490566038
"gam_spatial",30,"clustered",60,0,0,0.3,0.3
"gam_spatial",50,"dispersed",60,0,0,0.05,0.05
"gam_spatial",50,"clustered",60,0,0,0.3,0.3
"gam_spatial",100,"dispersed",60,0,0,0.0166666666666667,0.0166666666666667
"gam_spatial",100,"clustered",60,0,0,0.166666666666667,0.166666666666667
"gam_spatial",200,"dispersed",60,0,0,0.0166666666666667,0.0166666666666667
"gam_spatial",200,"clustered",60,0,0,0.166666666666667,0.166666666666667
"gam_spatial",500,"dispersed",60,0,0,0,0
"gam_spatial",500,"clustered",60,0,0,0.2,0.2
"gmrf",30,"dispersed",53,0,1,0,0.30188679245283
"gmrf",30,"clustered",60,0,0.866666666666667,0,0.116666666666667
"gmrf",50,"dispersed",60,0,0.966666666666667,0,0.416666666666667
"gmrf",50,"clustered",60,0,0.8,0,0.05
"gmrf",100,"dispersed",60,0,0.816666666666667,0,0.266666666666667
"gmrf",100,"clustered",60,0,0.75,0,0.0666666666666667
"gmrf",200,"dispersed",60,0,0.933333333333333,0,0.133333333333333
"gmrf",200,"clustered",60,0,0.533333333333333,0,0.0166666666666667
"gmrf",500,"dispersed",60,0,0.466666666666667,0,0.0166666666666667
"gmrf",500,"clustered",60,0,0.45,0,0
