"n","coverage","reps_sanity_FALSE","reps_sanity_TRUE","auc_sanity_FALSE","auc_sanity_TRUE"
30,"dispersed",37,NA,0.776586400270604,NA
30,"clustered",45,8,0.709655892756741,0.772777643372377
50,"dispersed",33,2,0.782333074032369,0.829442694127454
50,"clustered",45,12,0.710875534991126,0.710755568911067
100,"dispersed",33,11,0.803910864676306,0.814985249986219
100,"clustered",41,15,0.711537657305735,0.722046690337793
200,"dispersed",48,4,0.803471277113376,0.843528526321816
200,"clustered",31,28,0.789686585519362,0.779571075758401
500,"dispersed",27,32,0.814961931914236,0.839480736802769
500,"clustered",27,33,0.765628295433234,0.788203389162164
