"coverage","target","n_f","emmean","SE","df","lower.CL","upper.CL"
"dispersed","conditional","30",-0.112313945483184,0.0265519733000698,3.25521215622692,-0.193187195488195,-0.0314406954781721
"clustered","conditional","30",-0.00445872537797344,0.0261855949931052,3.07951767660349,-0.0865887766093673,0.0776713258534204
"dispersed","marginal","30",-0.0365447538428052,0.0271318672532299,3.54807661920553,-0.115814094247518,0.0427245865619072
"clustered","marginal","30",0.0250721102617296,0.0270909140698263,3.52756139852613,-0.0542886782414094,0.104432898764869
"dispersed","conditional","50",-0.0379876762941115,0.0269614738163255,3.46067592679625,-0.117677845700259,0.0417024931120364
"clustered","conditional","50",0.00878866068685981,0.026167074827284,3.07082263667983,-0.0734106075062626,0.0909879288799822
"dispersed","marginal","50",0.00327106406369602,0.026420953839697,3.1916236014386,-0.0780271692536555,0.0845692973810476
"clustered","marginal","50",0.0857898836531268,0.0270188587214354,3.49017671383311,0.0062478529811535,0.1653319143251
"dispersed","conditional","100",-0.0243823238655736,0.0263617448223583,3.16314067680273,-0.105881665142553,0.0571170174114062
"clustered","conditional","100",0.0396053730311912,0.0262496291737205,3.1097219487599,-0.0422896937781883,0.121500439840571
"dispersed","marginal","100",0.0270990030792545,0.0264146103044761,3.18857269668914,-0.0542203917891505,0.108418397947659
"clustered","marginal","100",0.0823087389596864,0.026434358887533,3.19810379209045,0.00105537026732955,0.163562107652043
"dispersed","conditional","200",-0.0117530205655059,0.0262743289576852,3.1214323479528,-0.093559202367045,0.0700531612360332
"clustered","conditional","200",0.0325314265183327,0.026167074827284,3.07082263667981,-0.0496678416747899,0.114730694711455
"dispersed","marginal","200",0.0412166897754285,0.0262451888857816,3.10762287660104,-0.0406944219939456,0.123127801544802
"clustered","marginal","200",0.0815072761778419,0.0264525392588349,3.20690738705733,0.000314315726040543,0.162700236629643
"dispersed","conditional","500",-0.000834290608878627,0.0261670748272843,3.07082263667978,-0.0830335588020026,0.0813649775842454
"clustered","conditional","500",0.0567132797868137,0.0261670748272841,3.07082263667983,-0.0254859884063089,0.138912547979936
"dispersed","marginal","500",0.068510200159891,0.0261856013191552,3.079520274314,-0.013619833004215,0.150640233323997
"clustered","marginal","500",0.126033297117886,0.0265229278917401,3.24114127358639,0.0450693476109151,0.206997246624857
