"contrast","n_f","coverage","target","estimate","SE","df","t.ratio","p.value"
"rf_spatial - rf","30","dispersed","conditional",0.0169792421583337,0.0252603460739629,2680.0053623767,0.672169815433963,0.501533536799833
"gam_spatial - gam","30","dispersed","conditional",-0.0868478052765594,0.0252603460739625,2680.00536237882,-3.43810829124306,0.000594731013530064
"gmrf - gam_spatial","30","dispersed","conditional",0.106870872607305,0.0284103436947046,2684.86848291116,3.76168883262136,0.000172377236151573
"rf - gam","30","dispersed","conditional",0.0370994058537561,0.0252603460739627,2680.0053623767,1.4686816144612,0.142036527384164
"rf_spatial - rf","50","dispersed","conditional",0.0215642579121456,0.0248357722042985,2680.00536237564,0.868274106186776,0.385322037132968
"gam_spatial - gam","50","dispersed","conditional",-0.0939424392448807,0.0248357722042985,2680.00536237723,-3.78254553440547,0.000158627190862025
"gmrf - gam_spatial","50","dispersed","conditional",0.121331696190799,0.0319854180634268,2687.91910127602,3.79334407792323,0.000151907771782578
"rf - gam","50","dispersed","conditional",0.0122170386473319,0.0248357722042985,2680.00536237511,0.491912977250509,0.622821151977306
"rf_spatial - rf","100","dispersed","conditional",0.031443170522742,0.0248357722042984,2680.00536237882,1.26604360291644,0.205607510283513
"gam_spatial - gam","100","dispersed","conditional",-0.0601754250925807,0.0248357722042985,2680.00536237829,-2.42293352498079,0.0154616036822472
"gmrf - gam_spatial","100","dispersed","conditional",0.063875762853864,0.0266709310721028,2683.12355746232,2.39495811680443,0.0166904528159033
"rf - gam","100","dispersed","conditional",-0.0123966182940609,0.0248357722042984,2680.00536237882,-0.499143662298343,0.617719149220255
"rf_spatial - rf","200","dispersed","conditional",0.0283484218391095,0.0248357722042985,2680.0053623767,1.14143508830392,0.253790888108375
"gam_spatial - gam","200","dispersed","conditional",0.00367624589711484,0.0248357722042985,2680.00536237723,0.148022210337336,0.882336375409478
"gmrf - gam_spatial","200","dispersed","conditional",-0.00719147458078673,0.0260561469025546,2682.20271141913,-0.275999157038897,0.782569976293746
"rf - gam","200","dispersed","conditional",-0.022027365209626,0.0248357722042985,2680.0053623767,-0.886920890900005,0.375201074895362
"rf_spatial - rf","500","dispersed","conditional",0.0309632260671274,0.0248357722042985,2680.00536237882,1.24671887841556,0.212609544669155
"gam_spatial - gam","500","dispersed","conditional",0.0136693313397096,0.0248357722042985,2680.00536237829,0.550388819291222,0.582098585659195
"gmrf - gam_spatial","500","dispersed","conditional",-0.00949540101111736,0.0248357722042985,2680.00536237829,-0.38232759315911,0.70224870575523
"rf - gam","500","dispersed","conditional",-0.0165730868632313,0.0248357722042985,2680.00536237882,-0.66730708942333,0.504633450587228
"rf_spatial - rf","30","clustered","conditional",-0.040085124848225,0.0248357722042987,2680.00536237246,-1.61400759028088,0.106643503921288
"gam_spatial - gam","30","clustered","conditional",-0.135090709836826,0.0248357722042985,2680.00536237776,-5.43936015862816,5.83022562079504e-08
"gmrf - gam_spatial","30","clustered","conditional",0.143846734874403,0.0250503874930778,2680.39881200073,5.74229579938244,1.03910719263047e-08
"rf - gam","30","clustered","conditional",0.0322064737327721,0.0248357722042987,2680.00536237193,1.29677762655585,0.194819347065053
"rf_spatial - rf","50","clustered","conditional",-0.0199831140028501,0.0248357722042984,2680.00536237776,-0.804610134062653,0.421116061925468
"gam_spatial - gam","50","clustered","conditional",-0.150964725108643,0.0248357722042984,2680.00536237776,-6.07851947854938,1.38546268178523e-09
"gmrf - gam_spatial","50","clustered","conditional",0.138416942663296,0.0248357722042985,2680.00536237776,5.57328926697676,2.74886102702767e-08
"rf - gam","50","clustered","conditional",0.0175196663843611,0.0248357722042985,2680.00536237776,0.705420642460592,0.48060980803028
"rf_spatial - rf","100","clustered","conditional",-0.0261669234096539,0.0248357722042984,2680.0053623767,-1.05359814039223,0.292161919561714
"gam_spatial - gam","100","clustered","conditional",-0.137831053237581,0.0248357722042984,2680.00536237776,-5.54969872101366,3.14195052127493e-08
"gmrf - gam_spatial","100","clustered","conditional",0.114933512325198,0.0257797932971933,2681.7726310158,4.45827904825409,8.6015657753516e-06
"rf - gam","100","clustered","conditional",0.00372927668064657,0.0248357722042985,2680.0053623767,0.150157468427784,0.880651680117186
"rf_spatial - rf","200","clustered","conditional",-0.0188770360441042,0.0248357722042984,2680.00536237617,-0.760074455862382,0.447276937553512
"gam_spatial - gam","200","clustered","conditional",-0.101937127389051,0.0248357722042985,2680.00536237723,-4.10444767130726,4.17388509520335e-05
"gmrf - gam_spatial","200","clustered","conditional",0.096288813245017,0.0248357722042985,2680.00536237723,3.8770211150653,0.000108282956116624
"rf - gam","200","clustered","conditional",-0.0207092017818077,0.0248357722042985,2680.00536237617,-0.833845696902611,0.404442252839997
"rf_spatial - rf","500","clustered","conditional",0.00102407862478373,0.0248357722042985,2680.00536237723,0.041234015852605,0.96711240747917
"gam_spatial - gam","500","clustered","conditional",-0.100680935436573,0.0248357722042984,2680.00536237776,-4.0538677279037,5.18126340747691e-05
"gmrf - gam_spatial","500","clustered","conditional",0.0979864629936869,0.0248357722042985,2680.00536237776,3.94537613679383,8.1720407897347e-05
"rf - gam","500","clustered","conditional",-0.0310089754348993,0.0248357722042985,2680.00536237723,-1.24856095392647,0.211934758006215
"rf_spatial - rf","30","dispersed","marginal",0.0226196005791748,0.0277672374612559,2680.00536237405,0.814614727544873,0.415365256501655
"gam_spatial - gam","30","dispersed","marginal",-0.0905750601178985,0.0283954746902243,2681.03146303096,-3.18977094434983,0.00144028504814093
"gmrf - gam_spatial","30","dispersed","marginal",0.114911213193809,0.0305921743112884,2684.36102900167,3.75622902852666,0.0001761601675397
"rf - gam","30","dispersed","marginal",0.0453177426655147,0.0277672374612559,2680.00536237352,1.6320580226516,0.102784746954355
"rf_spatial - rf","50","dispersed","marginal",0.00360722947716415,0.0248357722042985,2680.00536237564,0.145243298557064,0.884529703142933
"gam_spatial - gam","50","dispersed","marginal",-0.0704576346451608,0.0255209912166377,2681.27834202385,-2.76077186999021,0.00580573975225269
"gmrf - gam_spatial","50","dispersed","marginal",0.0842051953528531,0.0276444907213184,2684.20636671127,3.04600277146423,0.00234160612344743
"rf - gam","50","dispersed","marginal",0.030907936865195,0.0248357722042985,2680.00536237564,1.24449268623287,0.213427110599803
"rf_spatial - rf","100","dispersed","marginal",0.0168150463670596,0.0248357722042985,2680.00536237723,0.677049468353125,0.498433003116585
"gam_spatial - gam","100","dispersed","marginal",-0.103720099887143,0.0250504229768334,2680.41790841205,-4.14045303678357,3.57326670299723e-05
"gmrf - gam_spatial","100","dispersed","marginal",0.0798134117435471,0.0275795735297103,2684.90013645209,2.8939320492961,0.00383517462746826
"rf - gam","100","dispersed","marginal",-0.0105866587167323,0.0248357722042984,2680.00536237723,-0.426266541247305,0.6699478691862
"rf_spatial - rf","200","dispersed","marginal",0.0129333567438636,0.0248357722042985,2680.00536237776,0.520755168692727,0.602580357583221
"gam_spatial - gam","200","dispersed","marginal",-0.0425211639440451,0.025050412248126,2680.41261927205,-1.69742371993204,0.0897326668850734
"gmrf - gam_spatial","200","dispersed","marginal",0.00342194123866682,0.0257308241825905,2681.43723184899,0.13298995843989,0.894211300895974
"rf - gam","200","dispersed","marginal",-0.0116274489215938,0.0248357722042985,2680.00536237776,-0.468173440549648,0.639698635345826
"rf_spatial - rf","500","dispersed","marginal",0.0117326837399366,0.0248357722042985,2680.00536237776,0.472410668105015,0.636672156184433
"gam_spatial - gam","500","dispersed","marginal",-0.0130854981228053,0.0248357722042985,2680.00536237776,-0.526881065551909,0.598319789410371
"gmrf - gam_spatial","500","dispersed","marginal",-0.0218921636208233,0.0250504600660463,2680.43831393123,-0.873922617113775,0.382238685868152
"rf - gam","500","dispersed","marginal",-0.0070907926802943,0.0248357722042985,2680.00536237776,-0.285507236173919,0.775277624710549
"rf_spatial - rf","30","clustered","marginal",0.000279463188471005,0.0248357722042985,2680.00536237299,0.0112524461157135,0.991022873961217
"gam_spatial - gam","30","clustered","marginal",-0.0658856215319012,0.0329035806509126,2689.32838574999,-2.00238454990381,0.0453436189195629
"gmrf - gam_spatial","30","clustered","marginal",0.0838757492712721,0.0340650380032019,2691.03996107893,2.46222385729875,0.0138700960221954
"rf - gam","30","clustered","marginal",0.048414504524596,0.0248357722042985,2680.00536237299,1.94938591505588,0.0513535316053463
"rf_spatial - rf","50","clustered","marginal",0.00488941205594442,0.0248357722042985,2680.0053623767,0.196869741585815,0.843944400942948
"gam_spatial - gam","50","clustered","marginal",-0.114811903026074,0.0329010149883071,2690.04266833562,-3.48961583911248,0.000491489206624542
"gmrf - gam_spatial","50","clustered","marginal",0.110188544912858,0.033420068997416,2690.11979558565,3.29707712217403,0.000989668014956211
"rf - gam","50","clustered","marginal",0.0495813547307935,0.0248357722042985,2680.00536237723,1.99636855753622,0.045994822809265
"rf_spatial - rf","100","clustered","marginal",0.00449907925686216,0.0248357722042985,2680.00536237723,0.181153185810083,0.856261037183868
"gam_spatial - gam","100","clustered","marginal",-0.0324654718680513,0.0277860381714127,2684.79144802151,-1.16840953243392,0.242745350257861
"gmrf - gam_spatial","100","clustered","marginal",-0.0118910171185299,0.0277860381714128,2684.79144802151,-0.427949355182409,0.668722317487832
"rf - gam","100","clustered","marginal",0.0237666289347945,0.0248357722042985,2680.00536237723,0.956951478669185,0.338678060153531
"rf_spatial - rf","200","clustered","marginal",-0.00927712649194966,0.0248357722042984,2680.00536237723,-0.373538878341944,0.708776960149728
"gam_spatial - gam","200","clustered","marginal",-0.0468951758027197,0.0277857806956768,2684.98323461234,-1.68774008246657,0.0915772752466096
"gmrf - gam_spatial","200","clustered","marginal",0.0555359912958184,0.0279791702314988,2685.51397033103,1.98490487159967,0.0472566460355797
"rf - gam","200","clustered","marginal",0.0199916689669077,0.0248357722042985,2680.00536237723,0.804954595430199,0.420917285981064
"rf_spatial - rf","500","clustered","marginal",0.000857377392672351,0.0248357722042985,2680.00536237723,0.0345218737561122,0.972463570858672
"gam_spatial - gam","500","clustered","marginal",-0.00844225198199313,0.0287028870361035,2685.70291138927,-0.294125534179687,0.768684709004261
"gmrf - gam_spatial","500","clustered","marginal",0.00998657995915024,0.0287028870361035,2685.70291138927,0.347929459032771,0.727920427355781
"rf - gam","500","clustered","marginal",0.0187835328886024,0.0248357722042985,2680.0053623767,0.756309597869135,0.449530069592945
