"n","coverage","target","cv","reps","mean","se"
30,"dispersed","conditional","random",135,-0.109593181053177,0.0169687957840429
30,"dispersed","conditional","spatial",135,-0.0844022440550385,0.0139680174550807
30,"dispersed","marginal","random",112,-0.0246616732556458,0.0161041309336934
30,"dispersed","marginal","spatial",112,-0.035886679432668,0.0153426864021138
30,"clustered","conditional","random",149,-0.00430366998869048,0.0160915330189552
30,"clustered","conditional","spatial",149,-0.00622034298040836,0.0156571565435862
30,"clustered","marginal","random",126,0.024721026236021,0.0199317850055131
30,"clustered","marginal","spatial",126,0.025790035147195,0.0210993322189211
50,"dispersed","conditional","random",132,-0.0348695470753478,0.0120953245609219
50,"dispersed","conditional","spatial",133,-0.0284195602413326,0.0115704429663035
50,"dispersed","marginal","random",139,0.00308065829102327,0.0131676131013902
50,"dispersed","marginal","spatial",139,0.00303144274710376,0.0123016804662859
50,"clustered","conditional","random",150,0.00878866068668203,0.0145508504351714
50,"clustered","conditional","spatial",150,0.0208000341309765,0.0132576390831808
50,"clustered","marginal","random",129,0.0745007088750702,0.0193162261338846
50,"clustered","marginal","spatial",129,0.0805323596456778,0.0181304920606891
100,"dispersed","conditional","random",142,-0.0235821915052235,0.00796544416392383
100,"dispersed","conditional","spatial",142,-0.0331708249747945,0.00906748764384013
100,"dispersed","marginal","random",140,0.0248721286242422,0.00998827934693865
100,"dispersed","marginal","spatial",139,0.0109116894350044,0.00994271127457207
100,"clustered","conditional","random",146,0.0407506549442334,0.010208289100436
100,"clustered","conditional","spatial",146,0.0472466351307149,0.00899808656884171
100,"clustered","marginal","random",140,0.0847123496684826,0.0163825820089454
100,"clustered","marginal","spatial",140,0.0670578246998731,0.0165833342030847
200,"dispersed","conditional","random",145,-0.0110724104611783,0.00537496010269155
200,"dispersed","conditional","spatial",145,-0.0137874144610065,0.00586972635886438
200,"dispersed","marginal","random",146,0.0400486023308921,0.00881368961244509
200,"dispersed","marginal","spatial",146,0.0449086461679153,0.00677352436842544
200,"clustered","conditional","random",150,0.0325314265181552,0.0100434755145484
200,"clustered","conditional","spatial",150,0.03081516306645,0.00916956775057529
200,"clustered","marginal","random",139,0.0801527609361482,0.0146337642829439
200,"clustered","marginal","spatial",139,0.0790118741724968,0.0143188091882014
500,"dispersed","conditional","random",150,-0.000834290609056791,0.00180267788654401
500,"dispersed","conditional","spatial",150,-0.00904494680630664,0.00197913794253349
500,"dispersed","marginal","random",149,0.0686560699998015,0.00453535474291097
500,"dispersed","marginal","spatial",149,0.0658070079997748,0.00435632403256991
500,"clustered","conditional","random",150,0.0567132797866361,0.0122748204964718
500,"clustered","conditional","spatial",150,0.0625795436665307,0.0102820715030833
500,"clustered","marginal","random",138,0.125170936480454,0.0108716003669208
500,"clustered","marginal","spatial",138,0.123149962598993,0.0106957138932531
