"model","n","coverage","target","cv","reps","mean","se","lo","hi"
"rf",30,"dispersed","conditional","random 5 fold",29,-0.103769737003196,0.0304383823988853,-0.166119936893767,-0.0414195371126244
"rf",30,"dispersed","conditional","spatial block 5 fold",29,-0.0755989245017986,0.0201605374923518,-0.116895913483563,-0.0343019355200343
"rf",30,"dispersed","marginal","random 5 fold",24,-0.0264266512386012,0.0300058342352654,-0.0884984485863553,0.035645146109153
"rf",30,"dispersed","marginal","spatial block 5 fold",24,-0.0127365132687864,0.0242403761189325,-0.0628815518066363,0.0374085252690635
"rf",30,"clustered","conditional","random 5 fold",30,0.0172135168741364,0.0314781700023792,-0.047166569494822,0.0815936032430948
"rf",30,"clustered","conditional","spatial block 5 fold",30,0.0178755255998033,0.0301777131068452,-0.0438448277780931,0.0795958789776997
"rf",30,"clustered","marginal","random 5 fold",30,0.0562056420335856,0.0363770359521997,-0.0181937501887802,0.130605034255951
"rf",30,"clustered","marginal","spatial block 5 fold",30,0.0612121502342586,0.0373340306523258,-0.0151445159161691,0.137568816384686
"rf",50,"dispersed","conditional","random 5 fold",30,-0.0154219202923179,0.0183410649843466,-0.0529336100665857,0.0220897694819499
"rf",50,"dispersed","conditional","spatial block 5 fold",30,-0.0180550085211013,0.0203950021085713,-0.0597674713849104,0.0236574543427078
"rf",50,"dispersed","marginal","random 5 fold",30,0.0116107530339067,0.0194750985729139,-0.0282202958508731,0.0514418019186865
"rf",50,"dispersed","marginal","spatial block 5 fold",30,0.0152867032343412,0.0192264034292468,-0.0240357069707562,0.0546091134394386
"rf",50,"clustered","conditional","random 5 fold",30,-0.00632339122066347,0.0287728046884027,-0.0651703842566795,0.0525236018153526
"rf",50,"clustered","conditional","spatial block 5 fold",30,-0.00812071851391707,0.0282886058762296,-0.0659774137865911,0.049735976758757
"rf",50,"clustered","marginal","random 5 fold",30,0.0786769741350191,0.0287176349194564,0.0199428159458018,0.137411132324237
"rf",50,"clustered","marginal","spatial block 5 fold",30,0.0756783749340271,0.0271076463677206,0.020237013054314,0.13111973681374
"rf",100,"dispersed","conditional","random 5 fold",30,-0.00584048763424558,0.0130039210398932,-0.0324364924089882,0.0207555171404971
"rf",100,"dispersed","conditional","spatial block 5 fold",30,-0.0247651090144391,0.0170631054989313,-0.0596630781676909,0.0101328601388127
"rf",100,"dispersed","marginal","random 5 fold",30,0.00912602117581055,0.0188782039325801,-0.0294842410973285,0.0477362834489496
"rf",100,"dispersed","marginal","spatial block 5 fold",30,0.000399739578596438,0.0185249060274021,-0.037487947346369,0.0382874265035619
"rf",100,"clustered","conditional","random 5 fold",30,0.0335498526446532,0.0176273248707652,-0.00250207469253886,0.0696017799818452
"rf",100,"clustered","conditional","spatial block 5 fold",30,0.0382716105258518,0.0161695626086436,0.00520114177833327,0.0713420792733703
"rf",100,"clustered","marginal","random 5 fold",30,0.0708459822474219,0.028661991558101,0.0122256275102364,0.129466336984607
"rf",100,"clustered","marginal","spatial block 5 fold",30,0.0584529688588565,0.0310221053270387,-0.00499436051736584,0.121900298235079
"rf",200,"dispersed","conditional","random 5 fold",30,0.00763236377353335,0.00964231477305827,-0.0120883842190995,0.0273531117661662
"rf",200,"dispersed","conditional","spatial block 5 fold",30,0.00410544467466189,0.0119601736221152,-0.0203558569423418,0.0285667462916656
"rf",200,"dispersed","marginal","random 5 fold",30,0.0220871306369193,0.016370813381192,-0.0113949421561173,0.0555692034299558
"rf",200,"dispersed","marginal","spatial block 5 fold",30,0.0162439409852149,0.0120806102311767,-0.00846368115463937,0.0409515631250691
"rf",200,"clustered","conditional","random 5 fold",30,0.0139576565239155,0.0167464809714269,-0.0202927427602581,0.0482080558080892
"rf",200,"clustered","conditional","spatial block 5 fold",30,0.0181226537603454,0.0160282201890863,-0.0146587372810037,0.0509040448016945
"rf",200,"clustered","marginal","random 5 fold",30,0.0665962452431573,0.0276565732020889,0.0100322019304322,0.123160288555882
"rf",200,"clustered","marginal","spatial block 5 fold",30,0.0711356256411413,0.0256113160129585,0.0187546029574107,0.123516648324872
"rf",500,"dispersed","conditional","random 5 fold",30,0.00295931542016074,0.00464709675250419,-0.00654506460791945,0.0124636954482409
"rf",500,"dispersed","conditional","spatial block 5 fold",30,-0.00711213947965339,0.00448147353861556,-0.0162777820012633,0.00205350304195649
"rf",500,"dispersed","marginal","random 5 fold",30,0.0391331591672913,0.00929445867525321,0.020123856777086,0.0581424615574966
"rf",500,"dispersed","marginal","spatial block 5 fold",30,0.0431229694439963,0.00751388263975468,0.0277553539416637,0.0584905849463289
"rf",500,"clustered","conditional","random 5 fold",30,0.0436230253159232,0.0201643177215809,0.00238236499836419,0.0848636856334822
"rf",500,"clustered","conditional","spatial block 5 fold",30,0.0468274671179371,0.0170328942185319,0.0119912869708848,0.0816636472649893
"rf",500,"clustered","marginal","random 5 fold",30,0.108367621203684,0.0176994988105481,0.0721680815854587,0.14456716082191
"rf",500,"clustered","marginal","spatial block 5 fold",30,0.108237804426849,0.0175011773085012,0.0724438778232824,0.144031731030416
"rf_spatial",30,"dispersed","conditional","random 5 fold",29,-0.106716087598799,0.034339525510495,-0.177057416900357,-0.0363747582972408
"rf_spatial",30,"dispersed","conditional","spatial block 5 fold",29,-0.0902240744062608,0.0261362457375541,-0.143761746834782,-0.0366864019777395
"rf_spatial",30,"dispersed","marginal","random 5 fold",24,-0.0162385278732972,0.0297885857629532,-0.0778609125154508,0.0453838567688565
"rf_spatial",30,"dispersed","marginal","spatial block 5 fold",24,-0.0263189427793223,0.0309566083447055,-0.0903575662243592,0.0377196806657146
"rf_spatial",30,"clustered","conditional","random 5 fold",30,0.0217558765085944,0.0316660936885307,-0.04300855695374,0.0865203099709287
"rf_spatial",30,"clustered","conditional","spatial block 5 fold",30,0.015743469554735,0.0290598364638442,-0.0436905693766479,0.0751775084861179
"rf_spatial",30,"clustered","marginal","random 5 fold",30,0.0705444257506383,0.0322497602033608,0.0045862602310532,0.136502591270223
"rf_spatial",30,"clustered","marginal","spatial block 5 fold",30,0.0494071768312384,0.041762782277945,-0.0360073034215491,0.134821657084026
"rf_spatial",50,"dispersed","conditional","random 5 fold",30,-0.0411679287732428,0.0242059653588265,-0.0906746866415521,0.00833882909506653
"rf_spatial",50,"dispersed","conditional","spatial block 5 fold",30,-0.0230513696810628,0.0225464241399428,-0.0691639846561702,0.0230612452940447
"rf_spatial",50,"dispersed","marginal","random 5 fold",30,0.00797523755418815,0.0274622205291226,-0.0481913099107587,0.064141785019135
"rf_spatial",50,"dispersed","marginal","spatial block 5 fold",30,0.0144783105656626,0.0262585436219221,-0.0392264412091272,0.0681830623404524
"rf_spatial",50,"clustered","conditional","random 5 fold",30,0.0121174339426557,0.0316491131726428,-0.0526122704652461,0.0768471383505574
"rf_spatial",50,"clustered","conditional","spatial block 5 fold",30,0.0122498745320611,0.0297724745495997,-0.0486416729364217,0.073141422000544
"rf_spatial",50,"clustered","marginal","random 5 fold",30,0.0655831527504142,0.0321291675380349,-0.000128373075422558,0.131294678576251
"rf_spatial",50,"clustered","marginal","spatial block 5 fold",30,0.0669942647979635,0.0314287321624918,0.00271529016458591,0.131273239431341
"rf_spatial",100,"dispersed","conditional","random 5 fold",30,-0.0041245668930005,0.0122242393674263,-0.0291259435997863,0.0208768098137853
"rf_spatial",100,"dispersed","conditional","spatial block 5 fold",30,-0.0309338325353324,0.0160900028850788,-0.0638415833778963,0.0019739183072316
"rf_spatial",100,"dispersed","marginal","random 5 fold",30,0.0329125878468373,0.0188021089252614,-0.00554204266171519,0.0713672183553898
"rf_spatial",100,"dispersed","marginal","spatial block 5 fold",30,0.0193021256734306,0.0185963457055568,-0.0187316717989214,0.0573359231457826
"rf_spatial",100,"clustered","conditional","random 5 fold",30,0.0609441862551157,0.0180209387389893,0.0240872281670772,0.0978011443431543
"rf_spatial",100,"clustered","conditional","spatial block 5 fold",30,0.0729293293273956,0.0184045105436066,0.0352878788146675,0.110570779840124
"rf_spatial",100,"clustered","marginal","random 5 fold",30,0.0819636016074285,0.0306588318725057,0.0192592498686169,0.14466795334624
"rf_spatial",100,"clustered","marginal","spatial block 5 fold",30,0.0684927495882502,0.0286673373528876,0.00986146147310638,0.127124037703394
"rf_spatial",200,"dispersed","conditional","random 5 fold",30,-0.00591887354829469,0.0103365933066596,-0.0270595805777453,0.0152218334811559
"rf_spatial",200,"dispersed","conditional","spatial block 5 fold",30,-0.0040113729897744,0.00939165498973567,-0.0232194641634653,0.0151967181839165
"rf_spatial",200,"dispersed","marginal","random 5 fold",30,0.041541096208658,0.0180614084422658,0.00460136828387007,0.078480824133446
"rf_spatial",200,"dispersed","marginal","spatial block 5 fold",30,0.0436103903913586,0.0151900776034391,0.0125431934105087,0.0746775873722084
"rf_spatial",200,"clustered","conditional","random 5 fold",30,0.0464954874009483,0.0154096646343529,0.0149791845154457,0.078011790286451
"rf_spatial",200,"clustered","conditional","spatial block 5 fold",30,0.0477779796724144,0.0153397213885276,0.0164047267865407,0.079151232558288
"rf_spatial",200,"clustered","marginal","random 5 fold",30,0.0938662089856344,0.0313914824781863,0.0296634185107584,0.15806899946051
"rf_spatial",200,"clustered","marginal","spatial block 5 fold",30,0.0897060148837124,0.0287890768984595,0.0308257414413452,0.14858628832608
"rf_spatial",500,"dispersed","conditional","random 5 fold",30,0.00158822351297122,0.00456388677430475,-0.00774597300117427,0.0109224200271167
"rf_spatial",500,"dispersed","conditional","spatial block 5 fold",30,-0.00730336063800682,0.00475181956331547,-0.0170219228629657,0.00241520158695205
"rf_spatial",500,"dispersed","marginal","random 5 fold",30,0.0605370378137081,0.010301942996049,0.0394671986266273,0.0816068770007889
"rf_spatial",500,"dispersed","marginal","spatial block 5 fold",30,0.0536993462793981,0.0103481515097384,0.0325350000704009,0.0748636924883953
"rf_spatial",500,"clustered","conditional","random 5 fold",30,0.0752462569823619,0.0224427818813257,0.0293456142267557,0.121146899737968
"rf_spatial",500,"clustered","conditional","spatial block 5 fold",30,0.0707289705197568,0.0176400831451817,0.0346509495815456,0.106806991457968
"rf_spatial",500,"clustered","marginal","random 5 fold",30,0.11732301794952,0.0171272704872182,0.0822938166602366,0.152352219238803
"rf_spatial",500,"clustered","marginal","spatial block 5 fold",30,0.109127022552042,0.0173574172729921,0.0736271182344524,0.144626926869632
"gam",30,"dispersed","conditional","random 5 fold",29,-0.137102046208388,0.0418614070588707,-0.222851251393377,-0.0513528410233998
"gam",30,"dispersed","conditional","spatial block 5 fold",29,-0.104417408008008,0.0327452777657772,-0.171493068843495,-0.0373417471725211
"gam",30,"dispersed","marginal","random 5 fold",24,-0.0684384600011888,0.0389805932947652,-0.149075960979055,0.012199040976677
"gam",30,"dispersed","marginal","spatial block 5 fold",24,-0.0894134544885784,0.035519423046414,-0.162890979291236,-0.0159359296859204
"gam",30,"clustered","conditional","random 5 fold",30,-0.0544320407209167,0.039009319184116,-0.134215056635687,0.0253509751938533
"gam",30,"clustered","conditional","spatial block 5 fold",30,-0.0585898671899346,0.0356054061960726,-0.131411099362318,0.0142313649824484
"gam",30,"clustered","marginal","random 5 fold",30,-0.0185893801406327,0.0478697090344774,-0.116493928018213,0.0793151677369481
"gam",30,"clustered","marginal","spatial block 5 fold",30,-0.0158412629309785,0.050282576396623,-0.118680678660154,0.0869981527981971
"gam",50,"dispersed","conditional","random 5 fold",30,-0.0672495786764609,0.0195870504045943,-0.107309594765885,-0.0271895625870373
"gam",50,"dispersed","conditional","spatial block 5 fold",30,-0.0511931622391461,0.0282541591921876,-0.108979406132544,0.00659308165425231
"gam",50,"dispersed","marginal","random 5 fold",30,-0.0229683179233287,0.0256121632759534,-0.0753510734544512,0.0294144376077938
"gam",50,"dispersed","marginal","spatial block 5 fold",30,-0.00988599287065167,0.0232611062001831,-0.0574602967800629,0.0376883110387595
"gam",50,"clustered","conditional","random 5 fold",30,-0.04751507613212,0.0304074753405091,-0.109705346040948,0.0146751937767085
"gam",50,"clustered","conditional","spatial block 5 fold",30,-0.0198290108530508,0.0265633125196163,-0.0741570850114047,0.0344990633053032
"gam",50,"clustered","marginal","random 5 fold",30,0.0528794851646851,0.0482523296094974,-0.0458076096546165,0.151566579983987
"gam",50,"clustered","marginal","spatial block 5 fold",30,0.0717726390930406,0.0427730923408659,-0.0157081572481776,0.159253435434259
"gam",100,"dispersed","conditional","random 5 fold",30,-0.0461640604601889,0.0242477318114208,-0.0957562403153909,0.00342811939501304
"gam",100,"dispersed","conditional","spatial block 5 fold",30,-0.0512701349859593,0.025955645942117,-0.104355391447478,0.00181512147555985
"gam",100,"dispersed","marginal","random 5 fold",30,-0.00430761370550511,0.0227404131853176,-0.050816980826462,0.0422017534154517
"gam",100,"dispersed","marginal","spatial block 5 fold",30,-0.0274887225824025,0.0249038133524522,-0.078422739852978,0.0234452946881729
"gam",100,"clustered","conditional","random 5 fold",30,0.00336599507650197,0.0254531630905284,-0.0486915685622848,0.0554235587152887
"gam",100,"clustered","conditional","spatial block 5 fold",30,0.0157304455606052,0.0200082525162473,-0.0251910255729001,0.0566519166941105
"gam",100,"clustered","marginal","random 5 fold",30,0.0925469973142541,0.0398816668548593,0.0109798300850345,0.174114164543474
"gam",100,"clustered","marginal","spatial block 5 fold",30,0.0670233155984096,0.0407737464598228,-0.0163683592820233,0.150414990478843
"gam",200,"dispersed","conditional","random 5 fold",30,-0.00973368235226193,0.0104974457017438,-0.0312033694681469,0.011736004763623
"gam",200,"dispersed","conditional","spatial block 5 fold",30,-0.0163247466903793,0.0125093396005542,-0.0419092188449372,0.00925972546417857
"gam",200,"dispersed","marginal","random 5 fold",30,0.015329900824304,0.0205779374190838,-0.026756706759158,0.0574165084077659
"gam",200,"dispersed","marginal","spatial block 5 fold",30,0.0271658533475109,0.0136829500672201,-0.000818921721789316,0.0551506284168111
"gam",200,"clustered","conditional","random 5 fold",30,0.00571174729906163,0.0223556503392473,-0.0400106914439209,0.0514341860420442
"gam",200,"clustered","conditional","spatial block 5 fold",30,-0.000378026458509243,0.0201533837911955,-0.0415963243775391,0.0408402714605206
"gam",200,"clustered","marginal","random 5 fold",30,0.0820508441179834,0.0339173201434471,0.0126821355789007,0.151419552657066
"gam",200,"clustered","marginal","spatial block 5 fold",30,0.0774568366876096,0.0317730176965099,0.0124737190747005,0.142439954300519
"gam",500,"dispersed","conditional","random 5 fold",30,-0.00495911486501256,0.0035894907656988,-0.0123004477791814,0.00238221804915624
"gam",500,"dispersed","conditional","spatial block 5 fold",30,-0.0133096385825248,0.00444751669550687,-0.0224058315620556,-0.00421344560299408
"gam",500,"dispersed","marginal","random 5 fold",30,0.0584062287053539,0.00767720379549624,0.0427045839341113,0.0741078734765965
"gam",500,"dispersed","marginal","spatial block 5 fold",30,0.0547952458957954,0.00750124110664631,0.0394534852316981,0.0701370065598928
"gam",500,"clustered","conditional","random 5 fold",30,0.022448593878609,0.0244484945911761,-0.0275541919647855,0.0724513797220034
"gam",500,"clustered","conditional","spatial block 5 fold",30,0.0260965596890926,0.0195738610384631,-0.0139364811177586,0.0661296004959438
"gam",500,"clustered","marginal","random 5 fold",30,0.133252901875068,0.028367693605922,0.0752344540332983,0.191271349716839
"gam",500,"clustered","marginal","spatial block 5 fold",30,0.13148551432442,0.0279317382786254,0.0743586952406827,0.188612333408158
"gam_spatial",30,"dispersed","conditional","random 5 fold",29,-0.0633156833347226,0.0354086278532395,-0.135846969510468,0.00921560284102321
"gam_spatial",30,"dispersed","conditional","spatial block 5 fold",29,-0.0579664411087937,0.0358956551351623,-0.131495357447079,0.0155624752294919
"gam_spatial",30,"dispersed","marginal","random 5 fold",22,0.0381133610071986,0.0382830092128814,-0.0415005149697468,0.117727236984144
"gam_spatial",30,"dispersed","marginal","spatial block 5 fold",22,-0.00179171161666949,0.0397950562229319,-0.084550061489595,0.080966638256256
"gam_spatial",30,"clustered","conditional","random 5 fold",30,0.0454905113715251,0.029875151231669,-0.0156110334906818,0.106592056233732
"gam_spatial",30,"clustered","conditional","spatial block 5 fold",30,0.0543152160451304,0.0356616934297611,-0.018621136446066,0.127251568536327
"gam_spatial",30,"clustered","marginal","random 5 fold",12,0.0178273158672511,0.0628963708449207,-0.12060666298604,0.156261294720542
"gam_spatial",30,"clustered","marginal","spatial block 5 fold",12,0.0334399387039872,0.061592981970673,-0.102125300579256,0.16900517798723
"gam_spatial",50,"dispersed","conditional","random 5 fold",30,-0.0121686180387977,0.0334030804895313,-0.0804855883945316,0.0561483523169362
"gam_spatial",50,"dispersed","conditional","spatial block 5 fold",30,-0.0267894526312159,0.0285404291794763,-0.08516118438827,0.0315822791258382
"gam_spatial",50,"dispersed","marginal","random 5 fold",27,0.0139344779034478,0.0340869721673637,-0.0561322968607685,0.084001252667664
"gam_spatial",50,"dispersed","marginal","spatial block 5 fold",27,-0.022556233469207,0.0360445364793646,-0.0966468393047779,0.0515343723663638
"gam_spatial",50,"clustered","conditional","random 5 fold",30,0.0805368064291972,0.036601089931992,0.00567917236592223,0.155394440492472
"gam_spatial",50,"clustered","conditional","spatial block 5 fold",30,0.0978050897432165,0.0351972845425226,0.02581856007427,0.169791619412163
"gam_spatial",50,"clustered","marginal","random 5 fold",12,0.167730875561958,0.0728871111970881,0.0073074254552179,0.328154325668698
"gam_spatial",50,"clustered","marginal","spatial block 5 fold",12,0.134499433122204,0.072589730408826,-0.0252694862826745,0.294268352527083
"gam_spatial",100,"dispersed","conditional","random 5 fold",30,-0.0410689117037423,0.0178380838123938,-0.0775518894756976,-0.00458593393178688
"gam_spatial",100,"dispersed","conditional","spatial block 5 fold",30,-0.049338068131147,0.0196240881768117,-0.0894738349701883,-0.00920230129210567
"gam_spatial",100,"dispersed","marginal","random 5 fold",29,0.0449214043209724,0.0257390091650899,-0.00780256587553104,0.0976453745174758
"gam_spatial",100,"dispersed","marginal","spatial block 5 fold",29,0.0243189592682034,0.0236054802273739,-0.0240346750150558,0.0726725935514626
"gam_spatial",100,"clustered","conditional","random 5 fold",30,0.0914027632263823,0.0244277974393987,0.0414423078113107,0.141363218641454
"gam_spatial",100,"clustered","conditional","spatial block 5 fold",30,0.0854334315572768,0.0233872682291905,0.037601097326428,0.133265765788126
"gam_spatial",100,"clustered","marginal","random 5 fold",20,0.0369167065336687,0.0468205686997086,-0.0610798699958981,0.134913283063236
"gam_spatial",100,"clustered","marginal","spatial block 5 fold",20,0.00652548368228456,0.0421603112243694,-0.0817170618516612,0.0947680292162304
"gam_spatial",200,"dispersed","conditional","random 5 fold",30,-0.0358562834319649,0.0148400774728222,-0.0662076497709266,-0.00550491709300312
"gam_spatial",200,"dispersed","conditional","spatial block 5 fold",30,-0.0315997855593171,0.0152174651474365,-0.0627229963569755,-0.00047657476165875
"gam_spatial",200,"dispersed","marginal","random 5 fold",29,0.0435131961636103,0.0261926106956131,-0.0101399346475462,0.0971663269747668
"gam_spatial",200,"dispersed","marginal","spatial block 5 fold",29,0.0618168960548385,0.0176412633596981,0.0256804061985422,0.0979533859111349
"gam_spatial",200,"clustered","conditional","random 5 fold",30,0.0910188526153052,0.0301642951643043,0.02932594201123,0.152711763219381
"gam_spatial",200,"clustered","conditional","spatial block 5 fold",30,0.0849919371186858,0.0260686729887323,0.0316755143910663,0.138308359846305
"gam_spatial",200,"clustered","marginal","random 5 fold",20,0.105099945625801,0.0464515840950295,0.00787566274953355,0.202324228502068
"gam_spatial",200,"clustered","marginal","spatial block 5 fold",20,0.117620467675416,0.0522079496224923,0.00834797328420228,0.226892962066629
"gam_spatial",500,"dispersed","conditional","random 5 fold",30,0.000340045274912711,0.00389901315155607,-0.00763433199771501,0.00831442254754043
"gam_spatial",500,"dispersed","conditional","spatial block 5 fold",30,-0.00574339477323548,0.0043846681259372,-0.0147110479953167,0.00322425844884574
"gam_spatial",500,"dispersed","marginal","random 5 fold",30,0.0861101983000171,0.00799291187247393,0.069762858011479,0.102457538588555
"gam_spatial",500,"dispersed","marginal","spatial block 5 fold",30,0.0817809205938951,0.00856623028835025,0.0642610124868261,0.099300828700964
"gam_spatial",500,"clustered","conditional","random 5 fold",30,0.118409269242446,0.0365585176210723,0.0436387053313984,0.193179833153494
"gam_spatial",500,"clustered","conditional","spatial block 5 fold",30,0.129071573808913,0.0334756201636072,0.0606062431615289,0.197536904456298
"gam_spatial",500,"clustered","marginal","random 5 fold",18,0.157928680280436,0.0332961585155061,0.0876799263624138,0.228177434198458
"gam_spatial",500,"clustered","marginal","spatial block 5 fold",18,0.148865132417513,0.0319573371306952,0.0814410447131013,0.216289220121925
"gmrf",30,"dispersed","conditional","random 5 fold",19,-0.151519809051094,0.0524081294972647,-0.261625203399704,-0.0414144147024836
"gmrf",30,"dispersed","conditional","spatial block 5 fold",19,-0.0987528607741697,0.0448775475508799,-0.193037089535779,-0.0044686320125609
"gmrf",30,"dispersed","marginal","random 5 fold",18,-0.0518952226709228,0.0432979203911509,-0.14324584959996,0.0394554042581141
"gmrf",30,"dispersed","marginal","spatial block 5 fold",18,-0.0498131437784219,0.0417029580272435,-0.137798694266029,0.0381724067091854
"gmrf",30,"clustered","conditional","random 5 fold",29,-0.0531752672177606,0.0446930722996375,-0.144724875705109,0.0383743412695881
"gmrf",30,"clustered","conditional","spatial block 5 fold",29,-0.0623159111852713,0.0408386547503205,-0.145970103237138,0.0213382808665954
"gmrf",30,"clustered","marginal","random 5 fold",24,-0.0143291297490045,0.0521116254441573,-0.122130240315368,0.0934719808173584
"gmrf",30,"clustered","marginal","spatial block 5 fold",24,0.000205135002631899,0.0514004074776844,-0.10612470910472,0.106534979109984
"gmrf",50,"dispersed","conditional","random 5 fold",12,-0.0435449033767779,0.0524040800441598,-0.158885505882228,0.0717956991286722
"gmrf",50,"dispersed","conditional","spatial block 5 fold",13,-0.0159332092247274,0.0278776998997756,-0.0766734994279712,0.0448070809785165
"gmrf",50,"dispersed","marginal","random 5 fold",22,0.00697501905073453,0.0447852062713892,-0.0861609159502314,0.1001109540517
"gmrf",50,"dispersed","marginal","spatial block 5 fold",22,0.0197281008016113,0.034856761222947,-0.0527605024199962,0.0922167040232188
"gmrf",50,"clustered","conditional","random 5 fold",30,0.00512753041434073,0.0324015640722109,-0.0611411088776071,0.0713961697062886
"gmrf",50,"clustered","conditional","spatial block 5 fold",30,0.021894935746573,0.0243194943504047,-0.0278440149805535,0.0716338864736995
"gmrf",50,"clustered","marginal","random 5 fold",27,0.062356762097667,0.0491123760175855,-0.0385951726081782,0.163308696803512
"gmrf",50,"clustered","marginal","spatial block 5 fold",27,0.0867156604472238,0.0477015124356366,-0.0113362026320162,0.184767523526464
"gmrf",100,"dispersed","conditional","random 5 fold",22,-0.0196695633184733,0.0185676163411095,-0.0582830353250365,0.0189439086880898
"gmrf",100,"dispersed","conditional","spatial block 5 fold",22,-0.000956491200658413,0.0209997285095249,-0.0446278173445889,0.0427148349432721
"gmrf",100,"dispersed","marginal","random 5 fold",21,0.0498784486938778,0.0256471212281081,-0.00362050871555199,0.103377406103308
"gmrf",100,"dispersed","marginal","spatial block 5 fold",20,0.052254036629949,0.0238283907695296,0.00238064157148252,0.102127431688415
"gmrf",100,"clustered","conditional","random 5 fold",26,0.0104504502222491,0.0252343139723002,-0.0415205922559844,0.0624214927004826
"gmrf",100,"clustered","conditional","spatial block 5 fold",26,0.0202717007673269,0.0197316244365117,-0.0203663404681181,0.0609097420027719
"gmrf",100,"clustered","marginal","random 5 fold",30,0.125356579594702,0.0396896732559795,0.0441820833650108,0.206531075824393
"gmrf",100,"clustered","marginal","spatial block 5 fold",30,0.114617158765702,0.0419927358003314,0.0287323707526167,0.200501946778786
"gmrf",200,"dispersed","conditional","random 5 fold",25,-0.0115682100040483,0.0136708547604786,-0.0397834674804256,0.0166470474723291
"gmrf",200,"dispersed","conditional","spatial block 5 fold",25,-0.0225704511960671,0.0161496574392201,-0.0559017059556588,0.0107608035635247
"gmrf",200,"dispersed","marginal","random 5 fold",27,0.0820914600544115,0.0133926552054043,0.0545624630181092,0.109620457090714
"gmrf",200,"dispersed","marginal","spatial block 5 fold",27,0.079754326414918,0.0147520932605291,0.0494309644362953,0.110077688393541
"gmrf",200,"clustered","conditional","random 5 fold",30,0.00547338875154515,0.021844038200289,-0.039202685679565,0.0501494631826553
"gmrf",200,"clustered","conditional","spatial block 5 fold",30,0.00356127123931365,0.0201547086660751,-0.0376597363530921,0.0447822788317194
"gmrf",200,"clustered","marginal","random 5 fold",29,0.0608219278346665,0.0299768261531938,-0.00058281694589022,0.122226672615223
"gmrf",200,"clustered","marginal","spatial block 5 fold",29,0.0510788565549943,0.0287094000031077,-0.007729683448028,0.109887396558017
"gmrf",500,"dispersed","conditional","random 5 fold",30,-0.00409992238831606,0.00335714160703674,-0.0109660479158646,0.00276620313923249
"gmrf",500,"dispersed","conditional","spatial block 5 fold",30,-0.0117562005581127,0.00417935572051828,-0.0203039427627335,-0.00320845835349181
"gmrf",500,"dispersed","marginal","random 5 fold",29,0.100143300357907,0.011643309921345,0.0762930611608889,0.123993539554926
"gmrf",500,"dispersed","marginal","spatial block 5 fold",29,0.0966651629508242,0.0113538217624094,0.0734079133660345,0.119922412535614
"gmrf",500,"clustered","conditional","random 5 fold",30,0.0238392535138404,0.0282736812130324,-0.0339869173952639,0.0816654244229448
"gmrf",500,"clustered","conditional","spatial block 5 fold",30,0.0401731471969534,0.0196056326808773,7.51260852575319e-05,0.0802711683086492
"gmrf",500,"clustered","marginal","random 5 fold",30,0.122085558613556,0.02702795961612,0.0668071744403017,0.17736394278681
"gmrf",500,"clustered","marginal","spatial block 5 fold",30,0.128320407201547,0.0266004953887833,0.0739162855369932,0.182724528866101
