"n","coverage","target","contrast","reps","mean","se","lo","hi","sign_pos"
30,"dispersed","conditional","rf_spatial - rf (spatial effect, RF)",29,0.0169792421584795,0.00697743025407916,0.00268662419464556,0.0312718601223135,0.655172413793103
30,"dispersed","marginal","rf_spatial - rf (spatial effect, RF)",24,0.0226196005792192,0.0112633917643991,-0.000680500513336287,0.0459197016717746,0.5
30,"clustered","conditional","rf_spatial - rf (spatial effect, RF)",30,-0.0400851248481524,0.0137880130500096,-0.0682847778441446,-0.0118854718521603,0.433333333333333
30,"clustered","marginal","rf_spatial - rf (spatial effect, RF)",30,0.000279463188455788,0.0112051620677435,-0.0226376664173942,0.0231965927943058,0.333333333333333
50,"dispersed","conditional","rf_spatial - rf (spatial effect, RF)",30,0.0215642579121368,0.0071519156119211,0.0069369481046041,0.0361915677196695,0.8
50,"dispersed","marginal","rf_spatial - rf (spatial effect, RF)",30,0.00360722947716333,0.0117902599575957,-0.0205065596765617,0.0277210186308883,0.5
50,"clustered","conditional","rf_spatial - rf (spatial effect, RF)",30,-0.0199831140028488,0.0120216975187499,-0.0445702461169494,0.00460401811125175,0.533333333333333
50,"clustered","marginal","rf_spatial - rf (spatial effect, RF)",30,0.00488941205594444,0.0111334220690264,-0.0178809927780027,0.0276598168898915,0.233333333333333
100,"dispersed","conditional","rf_spatial - rf (spatial effect, RF)",30,0.0314431705227203,0.00320397907757157,0.0248902975404979,0.0379960435049427,0.966666666666667
100,"dispersed","marginal","rf_spatial - rf (spatial effect, RF)",30,0.0168150463670612,0.00695067406507118,0.00259932173637457,0.0310307709977478,0.7
100,"clustered","conditional","rf_spatial - rf (spatial effect, RF)",30,-0.0261669234096505,0.0160002941140127,-0.0588911992144707,0.00655735239516974,0.5
100,"clustered","marginal","rf_spatial - rf (spatial effect, RF)",30,0.00449907925686436,0.00909576887745799,-0.0141038568693008,0.0231020153830295,0.466666666666667
200,"dispersed","conditional","rf_spatial - rf (spatial effect, RF)",30,0.0283484218391027,0.00316484685030508,0.0218755832480484,0.0348212604301569,0.966666666666667
200,"dispersed","marginal","rf_spatial - rf (spatial effect, RF)",30,0.0129333567438613,0.0059463424511518,0.000771720900493638,0.0250949925872291,0.733333333333333
200,"clustered","conditional","rf_spatial - rf (spatial effect, RF)",30,-0.0188770360441056,0.0110489904460551,-0.0414747588200186,0.00372068673180738,0.4
200,"clustered","marginal","rf_spatial - rf (spatial effect, RF)",30,-0.00927712649194913,0.0155651821030099,-0.0411114983142185,0.0225572453303203,0.433333333333333
500,"dispersed","conditional","rf_spatial - rf (spatial effect, RF)",30,0.0309632260671111,0.00332224016114634,0.0241684820112509,0.0377579701229714,1
500,"dispersed","marginal","rf_spatial - rf (spatial effect, RF)",30,0.0117326837399371,0.00722024053116353,-0.00303436621772651,0.0264997336976007,0.666666666666667
500,"clustered","conditional","rf_spatial - rf (spatial effect, RF)",30,0.00102407862478056,0.00960665066355748,-0.018623728073941,0.0206718853235021,0.566666666666667
500,"clustered","marginal","rf_spatial - rf (spatial effect, RF)",30,0.000857377392671826,0.00860290106475758,-0.0167375308733054,0.018452285658649,0.5
30,"dispersed","conditional","gam_spatial - gam (spatial effect, GAM)",29,-0.0868478052765625,0.0202964225499121,-0.128423142180696,-0.0452724683724285,0.172413793103448
30,"dispersed","marginal","gam_spatial - gam (spatial effect, GAM)",22,-0.085032847855447,0.0335965023732607,-0.154900599325306,-0.0151650963855878,0.272727272727273
30,"clustered","conditional","gam_spatial - gam (spatial effect, GAM)",30,-0.135090709836818,0.0272717616728912,-0.190867725203393,-0.0793136944702421,0.266666666666667
30,"clustered","marginal","gam_spatial - gam (spatial effect, GAM)",12,-0.132885288713053,0.0316047965816848,-0.202446976977056,-0.0633236004490495,0.166666666666667
50,"dispersed","conditional","gam_spatial - gam (spatial effect, GAM)",30,-0.0939424392448813,0.0174523908533074,-0.129636586344151,-0.0582482921456113,0.133333333333333
50,"dispersed","marginal","gam_spatial - gam (spatial effect, GAM)",27,-0.0801919403702322,0.0228832247781764,-0.127229082552856,-0.0331547981876085,0.222222222222222
50,"clustered","conditional","gam_spatial - gam (spatial effect, GAM)",30,-0.150964725108644,0.0221479675892745,-0.196262404935222,-0.105667045282065,0.166666666666667
50,"clustered","marginal","gam_spatial - gam (spatial effect, GAM)",12,-0.0952908741209179,0.0394198215785434,-0.182053316428752,-0.00852843181308378,0.166666666666667
100,"dispersed","conditional","gam_spatial - gam (spatial effect, GAM)",30,-0.0601754250925809,0.0167273393009864,-0.0943866752649697,-0.0259641749201922,0.4
100,"dispersed","marginal","gam_spatial - gam (spatial effect, GAM)",29,-0.105319468111344,0.020780119727932,-0.1478856137694,-0.0627533224532878,0.206896551724138
100,"clustered","conditional","gam_spatial - gam (spatial effect, GAM)",30,-0.137831053237582,0.0228288618920777,-0.184521318275413,-0.091140788199751,0.133333333333333
100,"clustered","marginal","gam_spatial - gam (spatial effect, GAM)",20,-0.0636733406369843,0.0257905028452165,-0.117653483467308,-0.00969319780666019,0.35
200,"dispersed","conditional","gam_spatial - gam (spatial effect, GAM)",30,0.00367624589711646,0.00901808214624377,-0.014767803023569,0.0221202948178019,0.833333333333333
200,"dispersed","marginal","gam_spatial - gam (spatial effect, GAM)",29,-0.0416588455205824,0.0125921615703735,-0.0674527192119751,-0.0158649718291897,0.379310344827586
200,"clustered","conditional","gam_spatial - gam (spatial effect, GAM)",30,-0.101937127389051,0.0194853530396584,-0.141789149013181,-0.0620851057649208,0.1
200,"clustered","marginal","gam_spatial - gam (spatial effect, GAM)",20,-0.0305653398208071,0.0166653586630584,-0.0654463363779302,0.00431565673631593,0.45
500,"dispersed","conditional","gam_spatial - gam (spatial effect, GAM)",30,0.0136693313397098,0.00197814249167636,0.00962357567937104,0.0177150870000485,0.9
500,"dispersed","marginal","gam_spatial - gam (spatial effect, GAM)",30,-0.0130854981228043,0.00688488513153386,-0.0271666692764961,0.000995673030887479,0.533333333333333
500,"clustered","conditional","gam_spatial - gam (spatial effect, GAM)",30,-0.100680935436573,0.0224470031500167,-0.146590211656033,-0.0547716592171126,0.166666666666667
500,"clustered","marginal","gam_spatial - gam (spatial effect, GAM)",18,-0.00762439004785698,0.00887174018842237,-0.0263421256998804,0.0110933456041664,0.444444444444444
30,"dispersed","conditional","gmrf - gam_spatial (GMRF vs smooth surface)",19,0.0928011101544879,0.019489120832099,0.0518559866534103,0.133746233655565,0.894736842105263
30,"dispersed","marginal","gmrf - gam_spatial (GMRF vs smooth surface)",16,0.124385378469311,0.0344936195255506,0.0508639688068646,0.197906788131758,0.875
30,"clustered","conditional","gmrf - gam_spatial (GMRF vs smooth surface)",29,0.144724450525545,0.0262289249923111,0.090996933249683,0.198451967801407,0.793103448275862
30,"clustered","marginal","gmrf - gam_spatial (GMRF vs smooth surface)",9,0.123112993950415,0.037012356595097,0.03776234658847,0.20846364131236,1
50,"dispersed","conditional","gmrf - gam_spatial (GMRF vs smooth surface)",13,0.0817437780643331,0.024389717790697,0.0286031480299994,0.134884408098667,0.692307692307692
50,"dispersed","marginal","gmrf - gam_spatial (GMRF vs smooth surface)",20,0.0685723888477722,0.022394189610838,0.0217008113133076,0.115443966382237,0.75
50,"clustered","conditional","gmrf - gam_spatial (GMRF vs smooth surface)",30,0.138416942663296,0.0243987675836544,0.0885158599696994,0.188318025356892,0.866666666666667
50,"clustered","marginal","gmrf - gam_spatial (GMRF vs smooth surface)",11,0.0926436068586819,0.0419058653180754,-0.000728479782625871,0.18601569349999,0.818181818181818
100,"dispersed","conditional","gmrf - gam_spatial (GMRF vs smooth surface)",23,0.0545930187787352,0.0164550522138575,0.0204673291614617,0.0887187083960088,0.695652173913043
100,"dispersed","marginal","gmrf - gam_spatial (GMRF vs smooth surface)",20,0.0763739413577174,0.0208438480738573,0.0327472659527017,0.120000616762733,0.8
100,"clustered","conditional","gmrf - gam_spatial (GMRF vs smooth surface)",26,0.113684102948754,0.0235714688527671,0.0651377541014563,0.162230451796051,0.846153846153846
100,"clustered","marginal","gmrf - gam_spatial (GMRF vs smooth surface)",20,0.00741219778940602,0.0352703335388736,-0.0664094587144606,0.0812338542932727,0.55
200,"dispersed","conditional","gmrf - gam_spatial (GMRF vs smooth surface)",25,-0.00691645507378423,0.0104115618119236,-0.0284048625217147,0.0145719523741462,0.24
200,"dispersed","marginal","gmrf - gam_spatial (GMRF vs smooth surface)",26,0.00393359386234456,0.0141567011936305,-0.025222678025746,0.0330898657504351,0.461538461538462
200,"clustered","conditional","gmrf - gam_spatial (GMRF vs smooth surface)",30,0.096288813245017,0.022395603068804,0.0504846619952609,0.142092964494773,0.8
200,"clustered","marginal","gmrf - gam_spatial (GMRF vs smooth surface)",19,0.0303757220756341,0.0304668970425731,-0.0336328534188621,0.0943842975701304,0.578947368421053
500,"dispersed","conditional","gmrf - gam_spatial (GMRF vs smooth surface)",30,-0.00949540101111579,0.00173822569912172,-0.0130504717356764,-0.0059403302865552,0.0666666666666667
500,"dispersed","marginal","gmrf - gam_spatial (GMRF vs smooth surface)",29,-0.0238258713352329,0.0131560866885518,-0.0507748932661397,0.00312315059567396,0.379310344827586
500,"clustered","conditional","gmrf - gam_spatial (GMRF vs smooth surface)",30,0.0979864629936867,0.0221141499986811,0.0527579479058151,0.143214978081558,0.8
500,"clustered","marginal","gmrf - gam_spatial (GMRF vs smooth surface)",18,-0.000450696902081324,0.0104086881635821,-0.0224111093344161,0.0215097155302534,0.555555555555556
30,"dispersed","conditional","rf - gam (algorithm, non spatial)",29,0.037099405853584,0.0171116824651735,0.0020477132837901,0.0721510984233778,0.586206896551724
30,"dispersed","marginal","rf - gam (algorithm, non spatial)",24,0.0453177426654811,0.0175033070851273,0.00910939325633099,0.0815260920746313,0.541666666666667
30,"clustered","conditional","rf - gam (algorithm, non spatial)",30,0.0322064737327107,0.0126555429768442,0.00632298209918464,0.0580899653662368,0.7
30,"clustered","marginal","rf - gam (algorithm, non spatial)",30,0.0484145045246105,0.0178361035403345,0.0119355768637704,0.0848934321854506,0.6
50,"dispersed","conditional","rf - gam (algorithm, non spatial)",30,0.01221703864734,0.0106398675176942,-0.00954393378821313,0.0339780110828932,0.433333333333333
50,"dispersed","marginal","rf - gam (algorithm, non spatial)",30,0.0309079368651952,0.0125806148567027,0.00517769044401172,0.0566381832863788,0.633333333333333
50,"clustered","conditional","rf - gam (algorithm, non spatial)",30,0.0175196663843591,0.0129619744617624,-0.0089905480054045,0.0440298807741228,0.566666666666667
50,"clustered","marginal","rf - gam (algorithm, non spatial)",30,0.0495813547307936,0.0178274484344906,0.0131201287489812,0.086042580712606,0.633333333333333
100,"dispersed","conditional","rf - gam (algorithm, non spatial)",30,-0.0123966182940364,0.0081642131034349,-0.0290943089378697,0.00430107234979688,0.233333333333333
100,"dispersed","marginal","rf - gam (algorithm, non spatial)",30,-0.0105866587167337,0.00884726135559203,-0.0286813398928856,0.00750802245941831,0.433333333333333
100,"clustered","conditional","rf - gam (algorithm, non spatial)",30,0.00372927668064236,0.0155060598336424,-0.0279841765238064,0.0354427298850911,0.466666666666667
100,"clustered","marginal","rf - gam (algorithm, non spatial)",30,0.0237666289347924,0.0169104292649915,-0.0108190822591566,0.0583523401287414,0.5
200,"dispersed","conditional","rf - gam (algorithm, non spatial)",30,-0.0220273652096196,0.0057636156949056,-0.0338152828747018,-0.0102394475445374,0.2
200,"dispersed","marginal","rf - gam (algorithm, non spatial)",30,-0.0116274489215918,0.00827563161207518,-0.0285530160019784,0.00529811815879483,0.433333333333333
200,"clustered","conditional","rf - gam (algorithm, non spatial)",30,-0.0207092017818063,0.0119809135652306,-0.0452129213452457,0.00379451778163315,0.433333333333333
200,"clustered","marginal","rf - gam (algorithm, non spatial)",30,0.0199916689669072,0.0176915167001734,-0.0161915454025731,0.0561748833363876,0.5
500,"dispersed","conditional","rf - gam (algorithm, non spatial)",30,-0.0165730868632148,0.00286300188520741,-0.0224285831843228,-0.0107175905421068,0.166666666666667
500,"dispersed","marginal","rf - gam (algorithm, non spatial)",30,-0.00709079268029426,0.00507536009171188,-0.0174710695843607,0.00328948422377224,0.3
500,"clustered","conditional","rf - gam (algorithm, non spatial)",30,-0.0310089754348961,0.00984899758261006,-0.0511524372361435,-0.0108655136336487,0.133333333333333
500,"clustered","marginal","rf - gam (algorithm, non spatial)",30,0.018783532888603,0.0174694851362036,-0.0169455759447572,0.0545126417219632,0.266666666666667
30,"dispersed","conditional","rf_spatial - gam_spatial (algorithm, spatial)",29,0.140926453288626,0.0139172494872733,0.112418260044749,0.169434646532503,1
30,"dispersed","marginal","rf_spatial - gam_spatial (algorithm, spatial)",22,0.157473839939517,0.0217302776772223,0.112283253632189,0.202664426246846,0.954545454545455
30,"clustered","conditional","rf_spatial - gam_spatial (algorithm, spatial)",30,0.127212058721376,0.0274110233043527,0.0711502213381235,0.183273896104629,0.833333333333333
30,"clustered","marginal","rf_spatial - gam_spatial (algorithm, spatial)",12,0.152735430896477,0.0389188484555944,0.0670756229978588,0.238395238795096,0.916666666666667
50,"dispersed","conditional","rf_spatial - gam_spatial (algorithm, spatial)",30,0.127723735804358,0.01579926302728,0.0954106147371137,0.160036856871602,0.9
50,"dispersed","marginal","rf_spatial - gam_spatial (algorithm, spatial)",27,0.107998903663779,0.0200550792870169,0.0667750977949987,0.149222709532559,0.925925925925926
50,"clustered","conditional","rf_spatial - gam_spatial (algorithm, spatial)",30,0.148501277490154,0.0235977442724043,0.100238471416766,0.196764083563542,0.833333333333333
50,"clustered","marginal","rf_spatial - gam_spatial (algorithm, spatial)",12,0.160917374773549,0.0340718146427316,0.0859258163675039,0.235908933179594,1
100,"dispersed","conditional","rf_spatial - gam_spatial (algorithm, spatial)",30,0.0792219773212648,0.0145428219129074,0.0494785668647297,0.1089653877778,0.866666666666667
100,"dispersed","marginal","rf_spatial - gam_spatial (algorithm, spatial)",29,0.110702817826068,0.0198924072854698,0.0699550686750115,0.151450566977124,0.724137931034483
100,"clustered","conditional","rf_spatial - gam_spatial (algorithm, spatial)",30,0.115393406508574,0.0257121213453176,0.0628062137710173,0.16798059924613,0.8
100,"clustered","marginal","rf_spatial - gam_spatial (algorithm, spatial)",20,0.0884167221110206,0.0275067423599615,0.0308444486932091,0.145988995528832,0.75
200,"dispersed","conditional","rf_spatial - gam_spatial (algorithm, spatial)",30,0.00264481073236658,0.00867543237757783,-0.0150984407245734,0.0203880621893066,0.6
200,"dispersed","marginal","rf_spatial - gam_spatial (algorithm, spatial)",29,0.0428144464458459,0.0148151446936832,0.0124669982485752,0.0731618946431165,0.655172413793103
200,"clustered","conditional","rf_spatial - gam_spatial (algorithm, spatial)",30,0.0623508895631388,0.0244637017383792,0.0123170016115123,0.112384777514765,0.666666666666667
200,"clustered","marginal","rf_spatial - gam_spatial (algorithm, spatial)",20,0.0377456176471289,0.0319162124624921,-0.0290557827624733,0.104547018056731,0.45
500,"dispersed","conditional","rf_spatial - gam_spatial (algorithm, spatial)",30,0.000720807864186538,0.0027327649859791,-0.00486832409012029,0.00630993981849337,0.6
500,"dispersed","marginal","rf_spatial - gam_spatial (algorithm, spatial)",30,0.0177273891824472,0.011512812826186,-0.00581895687399396,0.0412737352388883,0.466666666666667
500,"clustered","conditional","rf_spatial - gam_spatial (algorithm, spatial)",30,0.0706960386264574,0.024953061341674,0.01966129790851,0.121730779344405,0.6
500,"clustered","marginal","rf_spatial - gam_spatial (algorithm, spatial)",18,0.0290625098015068,0.0316910900539225,-0.0377998456727774,0.095924865275791,0.555555555555556
