"model","n","coverage","sanity_pass"
"rf",30,"dispersed",1
"rf",30,"clustered",1
"rf",50,"dispersed",1
"rf",50,"clustered",1
"rf",100,"dispersed",1
"rf",100,"clustered",1
"rf",200,"dispersed",1
"rf",200,"clustered",1
"rf",500,"dispersed",1
"rf",500,"clustered",1
"rf_spatial",30,"dispersed",1
"rf_spatial",30,"clustered",1
"rf_spatial",50,"dispersed",1
"rf_spatial",50,"clustered",1
"rf_spatial",100,"dispersed",1
"rf_spatial",100,"clustered",1
"rf_spatial",200,"dispersed",1
"rf_spatial",200,"clustered",1
"rf_spatial",500,"dispersed",1
"rf_spatial",500,"clustered",1
"gam",30,"dispersed",1
"gam",30,"clustered",1
"gam",50,"dispersed",1
"gam",50,"clustered",1
"gam",100,"dispersed",1
"gam",100,"clustered",1
"gam",200,"dispersed",1
"gam",200,"clustered",1
"gam",500,"dispersed",1
"gam",500,"clustered",1
"gam_spatial",30,"dispersed",1
"gam_spatial",30,"clustered",1
"gam_spatial",50,"dispersed",1
"gam_spatial",50,"clustered",1
"gam_spatial",100,"dispersed",1
"gam_spatial",100,"clustered",1
"gam_spatial",200,"dispersed",1
"gam_spatial",200,"clustered",1
"gam_spatial",500,"dispersed",1
"gam_spatial",500,"clustered",1
"gmrf",30,"dispersed",0
"gmrf",30,"clustered",0.133333333333333
"gmrf",50,"dispersed",0.0333333333333333
"gmrf",50,"clustered",0.2
"gmrf",100,"dispersed",0.183333333333333
"gmrf",100,"clustered",0.25
"gmrf",200,"dispersed",0.0666666666666667
"gmrf",200,"clustered",0.466666666666667
"gmrf",500,"dispersed",0.533333333333333
"gmrf",500,"clustered",0.55
