"species","model","30","50","100","200","500"
"canary rockfish","rf",0.798105571770211,0.806379185721281,0.787376561075973,0.79267152193946,0.848612050254506
"canary rockfish","rf_spatial",0.808506831275553,0.810724347361517,0.818890806036786,0.817210434916602,0.871111363426698
"canary rockfish","gam",0.767048789611717,0.781379464507476,0.814432507889649,0.841736320975164,0.879628028251686
"canary rockfish","gam_spatial",0.647950876408053,0.678954328738599,0.658224344827097,0.824515647001933,0.885764467229443
"canary rockfish","gmrf",0.797179929189755,0.820132722504331,0.798893269492984,0.812060739763876,0.871566849381449
"dover sole","rf",0.779443772287315,0.769326710816777,0.807247914544065,0.826572582356937,0.839442206868738
"dover sole","rf_spatial",0.81997811067244,0.818959421166582,0.85173318368993,0.869279031881474,0.892730647181185
"dover sole","gam",0.729981480302258,0.768410330701307,0.819359929529632,0.843060207590423,0.859466006537613
"dover sole","gam_spatial",0.697090125658006,0.679740803829173,0.812972942137884,0.852574874766514,0.876507896077433
"dover sole","gmrf",0.756815824903573,0.796390250891493,0.826213265728477,0.849978656063093,0.865540732722024
"lingcod","rf",0.843463302155136,0.851506072914022,0.858802422005689,0.866809865068052,0.875673455572696
"lingcod","rf_spatial",0.842807632474794,0.862220974660392,0.877132419467172,0.88460976808368,0.892775380289391
"lingcod","gam",0.813288421107444,0.840771058301276,0.856824315088555,0.867339536427721,0.874352938496287
"lingcod","gam_spatial",0.701509262332962,0.750038403207644,0.838893190265112,0.886074280916209,0.892182603997839
"lingcod","gmrf",0.813337661830466,0.861508874116517,0.869193069775952,0.87367991685814,0.888861182167894
