"model","n","k","mean","sd","se"
"rf",30,113,0.769404072574868,0.0984619535436007,0.00926252144402814
"rf",50,120,0.771762519350327,0.0936318135079829,0.00854737605973986
"rf",100,120,0.783905276151097,0.0849934663176287,0.00775880645712013
"rf",200,120,0.796009181830004,0.0738013726214411,0.00673711275993457
"rf",500,120,0.801689075145119,0.0631918770674402,0.0057686027534884
"rf_spatial",30,113,0.767997865377578,0.117265601340919,0.0110314198324954
"rf_spatial",50,120,0.774281965710926,0.111212091108662,0.010152228494589
"rf_spatial",100,120,0.790552869335346,0.106202616670243,0.00969492813606106
"rf_spatial",200,120,0.799291085841732,0.0987360526790678,0.00901332721522397
"rf_spatial",500,120,0.812833416601245,0.0713555583478737,0.00651384148508441
"gam",30,113,0.728854179287743,0.129139986092447,0.0121484679859932
"gam",50,120,0.744206020193405,0.139264800637215,0.0127130787959104
"gam",100,120,0.782777118999931,0.123356713112868,0.0112608757319352
"gam",200,120,0.804602268566532,0.101631650002967,0.00927765787718252
"gam",500,120,0.81066140566757,0.0934728836104105,0.00853286781141279
"gam_spatial",30,93,0.640876525274556,0.107063750501986,0.011101993752723
"gam_spatial",50,99,0.648598212816509,0.134424917672902,0.0135102125574373
"gam_spatial",100,109,0.700279466562195,0.131060459199702,0.0125533152774628
"gam_spatial",200,109,0.763104887316732,0.142583823529228,0.0136570534023629
"gam_spatial",500,108,0.790311929281487,0.123408824310569,0.0118750196560137
"gmrf",30,90,0.742782590344941,0.117776759064347,0.0124147604692073
"gmrf",50,92,0.739068942748441,0.147376529670129,0.015365065364966
"gmrf",100,100,0.754976405887685,0.132207079459378,0.0132207079459378
"gmrf",200,111,0.795036123234818,0.0888800590529722,0.00843612187130829
"gmrf",500,119,0.802941441667409,0.0971308401367747,0.00890396951684688
